vehicle_id,title,description,url,make,model,year,mileage.value,mileage.unit,body_style,fuel_type,transmission,price,sale_price,image[0].url,image[0].tag,condition,state_of_vehicle,availability,vehicle_registration_plate,address.addr1,address.city,address.region,address.country,dealer_id,brand,custom_label_0,custom_label_1,custom_label_2
6eb577c4-40d9-462c-98d9-1113b411ae00,Polestar 2 78kWh Plus,78kWh Plus. Från 5 804 kr/mån. Miltal: 6 882 mil. Årsmodell: 2023. Växellåda: Automat. Bränsle: El. Reg.nr: RAF34F. Kontakta oss för mer information.,https://borasbil.se/bilar/polestar-2-long-range-dual-motor-raf34f,Polestar,2,2023,68820,KM,Sedan,Electric,Automatic,369000 SEK,369000 SEK,https://cdn.wayke.se/cfit/770906ea-54ae-4cb8-9a92-13bdfa8a7dfc/9bbcfa4c-167c-42aa-b114-9e1d02213a04?format=jpeg&r=0000000&w=800,"[""Exterior""]",used,USED,in stock,RAF34F,Kinna Bil,Kinna,Västra Götalands län,SE,0acea758-e5c9-412b-933a-8cd3c8e269f3,Polestar,5804 kr/mån,Lånebelopp: 295200 kr,Kontantinsats: 73800 kr
613eac2c-9efb-42e2-b310-03ad4c454d85,Volvo C40 Ultimate,Ultimate. Från 6 590 kr/mån. Miltal: 5 718 mil. Årsmodell: 2024. Växellåda: Automat. Bränsle: El. Reg.nr: EHY61H. Kontakta oss för mer information.,https://borasbil.se/bilar/volvo-c40-recharge-single-motor-extended-range-ehy61h,Volvo,C40,2024,57180,KM,Sedan,Electric,Automatic,419000 SEK,419000 SEK,https://cdn.wayke.se/cfit/3f3f6edc-2878-46f7-874d-3c40a58027d8/c19259d3-ba1d-4e10-ab68-5e28bf5d1653?format=jpeg&r=0000000&w=800,"[""Exterior""]",used,USED,in stock,EHY61H,Kinna Bil,Kinna,Västra Götalands län,SE,0acea758-e5c9-412b-933a-8cd3c8e269f3,Volvo,6590 kr/mån,Lånebelopp: 335200 kr,Kontantinsats: 83800 kr
9933d12a-206c-4ec4-9aa2-e55088daf944,Polestar 2,Från 5 804 kr/mån. Miltal: 3 779 mil. Årsmodell: 2024. Växellåda: Automat. Bränsle: El. Reg.nr: DGC87G. Kontakta oss för mer information.,https://borasbil.se/bilar/polestar-2-standard-range-single-motor-dgc87g,Polestar,2,2024,37790,KM,Sedan,Electric,Automatic,369000 SEK,369000 SEK,https://cdn.wayke.se/cfit/939db8d3-2290-4b79-abc7-417112f6960e/3fd700a4-e7f5-44f6-9691-625d2f7b664b?format=jpeg&r=0000000&w=800,"[""Exterior""]",used,USED,in stock,DGC87G,Kinna Bil,Kinna,Västra Götalands län,SE,0acea758-e5c9-412b-933a-8cd3c8e269f3,Polestar,5804 kr/mån,Lånebelopp: 295200 kr,Kontantinsats: 73800 kr
cd370161-f23b-4023-b7dc-59253ef529c6,Polestar 2,Från 5 804 kr/mån. Miltal: 5 164 mil. Årsmodell: 2024. Växellåda: Automat. Bränsle: El. Reg.nr: SXN67A. Kontakta oss för mer information.,https://borasbil.se/bilar/polestar-2-standard-range-single-motor-sxn67a,Polestar,2,2024,51640,KM,Sedan,Electric,Automatic,369000 SEK,369000 SEK,https://cdn.wayke.se/cfit/eca547b6-b537-432d-9eff-d2ae75b0e2ee/de3bb45a-04b1-4c7a-86ce-af2a0d966f42?format=jpeg&r=0000000&w=800,"[""Exterior""]",used,USED,in stock,SXN67A,Kinna Bil,Kinna,Västra Götalands län,SE,0acea758-e5c9-412b-933a-8cd3c8e269f3,Polestar,5804 kr/mån,Lånebelopp: 295200 kr,Kontantinsats: 73800 kr
f889181d-bd9c-4e48-a31d-69fb5554f3d9,Polestar 2 69kWh Plus,69kWh Plus. Från 4 860 kr/mån. Miltal: 4 433 mil. Årsmodell: 2022. Växellåda: Automat. Bränsle: El. Reg.nr: BTO509. Kontakta oss för mer information.,https://borasbil.se/bilar/polestar-2-standard-range-single-motor-bto509,Polestar,2,2022,44330,KM,Sedan,Electric,Automatic,309000 SEK,309000 SEK,https://cdn.wayke.se/cfit/61d248b3-f74a-487c-af53-2b5d5774fbf4/39501592-f222-49c5-80e2-2a3f20d3b8ee?format=jpeg&r=0000000&w=800,"[""Exterior""]",used,USED,in stock,BTO509,Kinna Bil,Kinna,Västra Götalands län,SE,0acea758-e5c9-412b-933a-8cd3c8e269f3,Polestar,4860 kr/mån,Lånebelopp: 247200 kr,Kontantinsats: 61800 kr
c39ea85e-ad3a-4806-828e-6bf0a73e325b,Citroën C3 Aircross SHINE Pure Tech 130 A,SHINE Pure Tech 130 A. Från 2 658 kr/mån. Miltal: 1 233 mil. Årsmodell: 2023. Växellåda: Automat. Bränsle: Bensin. Reg.nr: YJA87U. Kontakta oss för mer information.,https://borasbil.se/bilar/citroen-c3-aircross-yja87u,Citroën,C3 Aircross,2023,12330,KM,Sedan,Gasoline,Automatic,169000 SEK,169000 SEK,https://cdn.wayke.se/cfit/c73b2cac-86c0-48e7-ae8e-c402c5dc97d4/cabf8c4e-7830-4aca-99ea-c00adec4d065?format=jpeg&r=0000000&w=800,"[""Exterior""]",used,USED,in stock,YJA87U,Bogesunds Bil Ulricehamn,Ulricehamn,Västra Götalands län,SE,c2d1288f-1959-4cbe-afd2-9e60608c9a6b,Citroën,2658 kr/mån,Lånebelopp: 135200 kr,Kontantinsats: 33800 kr
939ad56a-5ce8-41f5-bd7a-3cce821de4b7,Dacia Sandero TCe 90 Essential IV,TCe 90 Essential IV. Från 1 714 kr/mån. Miltal: 2 374 mil. Årsmodell: 2023. Växellåda: Manuell. Bränsle: Bensin. Reg.nr: AAB64Z. Kontakta oss för mer information.,https://borasbil.se/bilar/dacia-sandero-aab64z,Dacia,Sandero,2023,23740,KM,Sedan,Gasoline,Manual,109000 SEK,109000 SEK,https://cdn.wayke.se/cfit/25f0972c-d76b-44a2-8b04-ff9b9b2f6bcc/987561b7-810e-4050-8ed1-17767cb3ddb0?format=jpeg&r=0000000&w=800,"[""Exterior""]",used,USED,in stock,AAB64Z,Borås Bil,Borås,Västra Götalands län,SE,56b1373f-95bd-4e74-9030-15708ada078d,Dacia,1714 kr/mån,Lånebelopp: 87200 kr,Kontantinsats: 21800 kr
b717fc79-f204-4e47-b730-79f1248fd823,Volvo XC40 Plus Edition,Plus Edition. Från 4 860 kr/mån. Miltal: 5 200 mil. Årsmodell: 2023. Växellåda: Automat. Bränsle: El. Reg.nr: BZR386. Kontakta oss för mer information.,https://borasbil.se/bilar/volvo-xc40-recharge-single-motor-bzr386,Volvo,XC40,2023,52000,KM,SUV,Electric,Automatic,309000 SEK,309000 SEK,https://cdn.wayke.se/cfit/929ab97a-fd8c-4731-b6a0-09acda27bbae/1b43294e-74a5-4661-916a-c779848ef88e?format=jpeg&r=0000000&w=800,"[""Exterior""]",used,USED,in stock,BZR386,Bogesunds Bil Ulricehamn,Ulricehamn,Västra Götalands län,SE,c2d1288f-1959-4cbe-afd2-9e60608c9a6b,Volvo,4860 kr/mån,Lånebelopp: 247200 kr,Kontantinsats: 61800 kr
0c603d6a-9b2b-42d2-b6a8-0cb47a757e29,Volvo XC40 Twin Plus,Twin Plus. Från 5 489 kr/mån. Miltal: 4 808 mil. Årsmodell: 2022. Växellåda: Automat. Bränsle: El. Reg.nr: YJU41C. Kontakta oss för mer information.,https://borasbil.se/bilar/volvo-xc40-p8-awd-recharge-yju41c,Volvo,XC40,2022,48080,KM,SUV,Electric,Automatic,349000 SEK,349000 SEK,https://cdn.wayke.se/cfit/d2c506a3-1c7d-488b-9620-fe5d5acbd0e7/0098be23-6d6b-431b-83a0-0e632e192016?format=jpeg&r=0000000&w=800,"[""Exterior""]",used,USED,in stock,YJU41C,Bogesunds Bil Ulricehamn,Ulricehamn,Västra Götalands län,SE,c2d1288f-1959-4cbe-afd2-9e60608c9a6b,Volvo,5489 kr/mån,Lånebelopp: 279200 kr,Kontantinsats: 69800 kr
a5bfd3fe-865d-480e-b961-bb5d1c271104,Volvo C40 Ultimate,Ultimate. Från 6 275 kr/mån. Miltal: 4 634 mil. Årsmodell: 2023. Växellåda: Automat. Bränsle: El. Reg.nr: ZJA192. Kontakta oss för mer information.,https://borasbil.se/bilar/volvo-c40-recharge-twin-motor-zja192,Volvo,C40,2023,46340,KM,Sedan,Electric,Automatic,399000 SEK,399000 SEK,https://cdn.wayke.se/cfit/ff8bf0b2-da88-4dc3-aea2-a072811f2696/37264119-051e-4478-8683-e01bdf5ccade?format=jpeg&r=0000000&w=800,"[""Exterior""]",used,USED,in stock,ZJA192,Bogesunds Bil Ulricehamn,Ulricehamn,Västra Götalands län,SE,c2d1288f-1959-4cbe-afd2-9e60608c9a6b,Volvo,6275 kr/mån,Lånebelopp: 319200 kr,Kontantinsats: 79800 kr
15d09f64-fbcf-44d6-ae09-141efb5d5fe8,Volvo XC60 T6 Plus Dark Nordic Edition,T6 Plus Dark Nordic Edition. Från 9 421 kr/mån. Miltal: 1 745 mil. Årsmodell: 2026. Växellåda: Automat. Bränsle: Bensin. Reg.nr: MWA99Y. Kontakta oss för mer information.,https://borasbil.se/bilar/volvo-xc60-mwa99y,Volvo,XC60,2026,17450,KM,SUV,Gasoline,Automatic,599000 SEK,599000 SEK,https://cdn.wayke.se/cfit/aca614b5-ac9f-4aa3-9580-270d2bf47bc1/0fc0984b-1ba1-451d-8d9e-b1f17c4cf1c1?format=jpeg&r=0000000&w=800,"[""Exterior""]",new,NEW,in stock,MWA99Y,Kinna Bil,Kinna,Västra Götalands län,SE,0acea758-e5c9-412b-933a-8cd3c8e269f3,Volvo,9421 kr/mån,Lånebelopp: 479200 kr,Kontantinsats: 119800 kr
6834cd3c-04b9-476e-975e-e62a2554b44e,Volvo XC60 T6 Plus Dark Nordic Edition,T6 Plus Dark Nordic Edition. Från 9 421 kr/mån. Miltal: 1 808 mil. Årsmodell: 2026. Växellåda: Automat. Bränsle: Bensin. Reg.nr: SMP05W. Kontakta oss för mer information.,https://borasbil.se/bilar/volvo-xc60-smp05w,Volvo,XC60,2026,18080,KM,SUV,Gasoline,Automatic,599000 SEK,599000 SEK,https://cdn.wayke.se/cfit/715dd4ef-961a-4d32-b74e-cc133fb813af/9987dac9-3f03-4605-b235-469476e43b80?format=jpeg&r=0000000&w=800,"[""Exterior""]",new,NEW,in stock,SMP05W,Kinna Bil,Kinna,Västra Götalands län,SE,0acea758-e5c9-412b-933a-8cd3c8e269f3,Volvo,9421 kr/mån,Lånebelopp: 479200 kr,Kontantinsats: 119800 kr
87fb08df-fd67-44d3-9058-6127561e4c82,Volvo EX90 Ultra 7sätes,Ultra 7sätes. Från 13 353 kr/mån. Miltal: 2 413 mil. Årsmodell: 2025. Växellåda: Automat. Bränsle: El. Reg.nr: XPB21M. Kontakta oss för mer information.,https://borasbil.se/bilar/volvo-ex90-twin-motor-performance-xpb21m,Volvo,EX90,2025,24130,KM,SUV,Electric,Automatic,849000 SEK,849000 SEK,https://cdn.wayke.se/cfit/9ff947fa-e856-4202-9ac6-283ce52778a3/149cd192-11f1-4124-be57-4682655a7145?format=jpeg&r=0000000&w=800,"[""Exterior""]",used,USED,in stock,XPB21M,Kinna Bil,Kinna,Västra Götalands län,SE,0acea758-e5c9-412b-933a-8cd3c8e269f3,Volvo,13353 kr/mån,Lånebelopp: 679200 kr,Kontantinsats: 169800 kr
fd57cfa3-6cf3-41d0-91f5-d7ec8ddd7013,Volvo EX90 Ultra 7-sätes - B&W/Drag,Ultra 7-sätes - B&W/Drag. Från 12 567 kr/mån. Miltal: 1 947 mil. Årsmodell: 2025. Växellåda: Automat. Bränsle: El. Reg.nr: FBR72G. Kontakta oss för mer information.,https://borasbil.se/bilar/volvo-ex90-twin-motor-fbr72g,Volvo,EX90,2025,19470,KM,SUV,Electric,Automatic,799000 SEK,799000 SEK,https://cdn.wayke.se/cfit/2f29cc81-ac08-4efb-bd2a-a96f6ebb5f0e/ee6668dc-4f43-4ed2-9e52-ca8b80795e42?format=jpeg&r=0000000&w=800,"[""Exterior""]",used,USED,in stock,FBR72G,Kinna Bil,Kinna,Västra Götalands län,SE,0acea758-e5c9-412b-933a-8cd3c8e269f3,Volvo,12567 kr/mån,Lånebelopp: 639200 kr,Kontantinsats: 159800 kr
e5eaef94-ad41-487e-a84e-5b67df2263aa,Volvo XC40 Plus Edition,Plus Edition. Från 4 703 kr/mån. Miltal: 6 803 mil. Årsmodell: 2023. Växellåda: Automat. Bränsle: El. Reg.nr: LJA07H. Kontakta oss för mer information.,https://borasbil.se/bilar/volvo-xc40-recharge-single-motor-lja07h,Volvo,XC40,2023,68030,KM,SUV,Electric,Automatic,299000 SEK,299000 SEK,https://cdn.wayke.se/cfit/b147c21e-51f4-4011-8e61-d1d61b42f704/13af5666-3721-40d9-abf4-0e68f4d0a6ab?format=jpeg&r=0000000&w=800,"[""Exterior""]",used,USED,in stock,LJA07H,Kinna Bil,Kinna,Västra Götalands län,SE,0acea758-e5c9-412b-933a-8cd3c8e269f3,Volvo,4703 kr/mån,Lånebelopp: 239200 kr,Kontantinsats: 59800 kr
0a23f602-924e-4628-8262-cd8c71fabcbe,Volvo XC40 Core,Core. Från 4 388 kr/mån. Miltal: 6 921 mil. Årsmodell: 2023. Växellåda: Automat. Bränsle: El. Reg.nr: RHY93A. Kontakta oss för mer information.,https://borasbil.se/bilar/volvo-xc40-recharge-single-motor-rhy93a,Volvo,XC40,2023,69210,KM,SUV,Electric,Automatic,279000 SEK,279000 SEK,https://cdn.wayke.se/cfit/1999b9f5-a923-4ebb-b699-09042e344f8e/3aabebdc-7809-4967-9bb0-c18bb1caaedb?format=jpeg&r=0000000&w=800,"[""Exterior""]",used,USED,in stock,RHY93A,Borås Bil,Borås,Västra Götalands län,SE,56b1373f-95bd-4e74-9030-15708ada078d,Volvo,4388 kr/mån,Lånebelopp: 223200 kr,Kontantinsats: 55800 kr
da0cc6a0-f13e-42b5-a658-9dc55a206a94,Volvo EX40 ExtendedRange Plus SE,ExtendedRange Plus SE. Från 8 021 kr/mån. Miltal: 1 556 mil. Årsmodell: 2026. Växellåda: Automat. Bränsle: El. Reg.nr: WDY20R. Kontakta oss för mer information.,https://borasbil.se/bilar/volvo-ex40-single-motor-extended-range-wdy20r,Volvo,EX40,2026,15560,KM,Sedan,Electric,Automatic,510000 SEK,510000 SEK,https://cdn.wayke.se/cfit/06c8c208-688e-4acc-b096-d5891464ebae/4b8ce342-7552-4675-b877-023a6d40bb31?format=jpeg&r=0000000&w=800,"[""Exterior""]",new,NEW,in stock,WDY20R,Kinna Bil,Kinna,Västra Götalands län,SE,0acea758-e5c9-412b-933a-8cd3c8e269f3,Volvo,8021 kr/mån,Lånebelopp: 408000 kr,Kontantinsats: 102000 kr
1bbee8e5-9785-43b5-9509-e430d04dfbc1,Volvo XC60 T6 Plus Dark Nordic Edition,T6 Plus Dark Nordic Edition. Från 9 421 kr/mån. Miltal: 2 375 mil. Årsmodell: 2026. Växellåda: Automat. Bränsle: Bensin. Reg.nr: RRJ08M. Kontakta oss för mer information.,https://borasbil.se/bilar/volvo-xc60-rrj08m,Volvo,XC60,2026,23750,KM,SUV,Gasoline,Automatic,599000 SEK,599000 SEK,https://cdn.wayke.se/cfit/c09f1af4-9635-487f-9e8b-0bef4bf41596/a31f3bb0-f8fa-47d8-9af4-759b88bba198?format=jpeg&r=0000000&w=800,"[""Exterior""]",new,NEW,in stock,RRJ08M,Kinna Bil,Kinna,Västra Götalands län,SE,0acea758-e5c9-412b-933a-8cd3c8e269f3,Volvo,9421 kr/mån,Lånebelopp: 479200 kr,Kontantinsats: 119800 kr
285e0c87-5f0f-4e01-a3a4-47abcd543b07,Volvo V60 Recharge T6 Core Edition,Recharge T6 Core Edition. Från 5 017 kr/mån. Miltal: 12 354 mil. Årsmodell: 2023. Växellåda: Automat. Bränsle: Bensin. Reg.nr: MTS92A. Kontakta oss för mer information.,https://borasbil.se/bilar/volvo-v60-mts92a,Volvo,V60,2023,123540,KM,Wagon,Gasoline,Automatic,319000 SEK,319000 SEK,https://cdn.wayke.se/cfit/b6d7bd07-b246-49f5-9364-a7c3dbed3ee5/23fca822-eeb0-4387-b943-228f23b3f3af?format=jpeg&r=0000000&w=800,"[""Exterior""]",used,USED,in stock,MTS92A,Kinna Bil,Kinna,Västra Götalands län,SE,0acea758-e5c9-412b-933a-8cd3c8e269f3,Volvo,5017 kr/mån,Lånebelopp: 255200 kr,Kontantinsats: 63800 kr
27eec67a-79a2-442a-bd71-ecb242d2766a,Volvo XC60 Recharge T6 Plus Bright,Recharge T6 Plus Bright. Från 8 006 kr/mån. Miltal: 5 923 mil. Årsmodell: 2023. Växellåda: Automat. Bränsle: Bensin. Reg.nr: YAA725. Kontakta oss för mer information.,https://borasbil.se/bilar/volvo-xc60-yaa725,Volvo,XC60,2023,59230,KM,SUV,Gasoline,Automatic,509000 SEK,509000 SEK,https://cdn.wayke.se/cfit/d26e24f7-32c1-4136-a215-357f3796f962/2537eb4c-d644-4ede-98b6-38ab3a321e03?format=jpeg&r=0000000&w=800,"[""Exterior""]",used,USED,in stock,YAA725,Kinna Bil,Kinna,Västra Götalands län,SE,0acea758-e5c9-412b-933a-8cd3c8e269f3,Volvo,8006 kr/mån,Lånebelopp: 407200 kr,Kontantinsats: 101800 kr
f4717bd3-46f9-4b26-a803-de462f054b56,Volvo EX90 Ultra 7sätes,Ultra 7sätes. Från 13 353 kr/mån. Miltal: 2 488 mil. Årsmodell: 2025. Växellåda: Automat. Bränsle: El. Reg.nr: NXP59R. Kontakta oss för mer information.,https://borasbil.se/bilar/volvo-ex90-twin-motor-performance-nxp59r,Volvo,EX90,2025,24880,KM,SUV,Electric,Automatic,849000 SEK,849000 SEK,https://cdn.wayke.se/cfit/e36e5519-5c30-4b72-b0c4-dcbbe91623bc/68ed91ff-c504-461a-ac6b-8a84363fc01d?format=jpeg&r=0000000&w=800,"[""Exterior""]",used,USED,in stock,NXP59R,Kinna Bil,Kinna,Västra Götalands län,SE,0acea758-e5c9-412b-933a-8cd3c8e269f3,Volvo,13353 kr/mån,Lånebelopp: 679200 kr,Kontantinsats: 169800 kr
ceda247d-7177-4551-87b0-4ad5838d23b6,Volvo XC60 T6 Plus Dark Nordic Edition,T6 Plus Dark Nordic Edition. Från 9 421 kr/mån. Miltal: 1 707 mil. Årsmodell: 2026. Växellåda: Automat. Bränsle: Bensin. Reg.nr: PHJ17T. Kontakta oss för mer information.,https://borasbil.se/bilar/volvo-xc60-phj17t,Volvo,XC60,2026,17070,KM,SUV,Gasoline,Automatic,599000 SEK,599000 SEK,https://cdn.wayke.se/cfit/ebded2b1-44d8-4719-a4ab-984aceb0e86d/45d1bc1e-9b79-4c00-bc89-07547b50c30a?format=jpeg&r=0000000&w=800,"[""Exterior""]",new,NEW,in stock,PHJ17T,Kinna Bil,Kinna,Västra Götalands län,SE,0acea758-e5c9-412b-933a-8cd3c8e269f3,Volvo,9421 kr/mån,Lånebelopp: 479200 kr,Kontantinsats: 119800 kr
35b22318-1449-4a44-90bb-50f33cbbba2f,Volvo EX90 Ultra 7-sätes,Ultra 7-sätes. Från 12 567 kr/mån. Miltal: 1 744 mil. Årsmodell: 2025. Växellåda: Automat. Bränsle: El. Reg.nr: BWB05Z. Kontakta oss för mer information.,https://borasbil.se/bilar/volvo-ex90-twin-motor-bwb05z,Volvo,EX90,2025,17440,KM,SUV,Electric,Automatic,799000 SEK,799000 SEK,https://cdn.wayke.se/cfit/a13acc28-47e7-4c8c-b571-3ff0d6c2dd9a/964eabad-6fa2-4e08-a9a6-ca53465abcb1?format=jpeg&r=0000000&w=800,"[""Exterior""]",used,USED,in stock,BWB05Z,Kinna Bil,Kinna,Västra Götalands län,SE,0acea758-e5c9-412b-933a-8cd3c8e269f3,Volvo,12567 kr/mån,Lånebelopp: 639200 kr,Kontantinsats: 159800 kr
3be3cb79-c57f-42d9-9d11-fa4a813a9733,Volvo XC60 Recharge T6 Core Edition,Recharge T6 Core Edition. Från 7 219 kr/mån. Miltal: 7 868 mil. Årsmodell: 2024. Växellåda: Automat. Bränsle: Bensin. Reg.nr: MKK11M. Kontakta oss för mer information.,https://borasbil.se/bilar/volvo-xc60-mkk11m,Volvo,XC60,2024,78680,KM,SUV,Gasoline,Automatic,459000 SEK,459000 SEK,https://cdn.wayke.se/cfit/67fc8809-e606-4533-baf7-090c7d82c1c8/4a037c2f-b0b9-4af8-b218-085cee9e55f7?format=jpeg&r=0000000&w=800,"[""Exterior""]",used,USED,in stock,MKK11M,Kinna Bil,Kinna,Västra Götalands län,SE,0acea758-e5c9-412b-933a-8cd3c8e269f3,Volvo,7219 kr/mån,Lånebelopp: 367200 kr,Kontantinsats: 91800 kr
f2c32b39-d39c-43a9-9c3f-4a03c7ebea23,Volvo XC40 Ultimate,Ultimate. Från 5 489 kr/mån. Miltal: 7 472 mil. Årsmodell: 2023. Växellåda: Automat. Bränsle: El. Reg.nr: ONR33E. Kontakta oss för mer information.,https://borasbil.se/bilar/volvo-xc40-recharge-single-motor-onr33e,Volvo,XC40,2023,74720,KM,SUV,Electric,Automatic,349000 SEK,349000 SEK,https://cdn.wayke.se/cfit/2576b489-7a3e-49e6-a62f-7b664a82e45c/43e1b7e0-93d0-4151-8efe-425288e7c0ec?format=jpeg&r=0000000&w=800,"[""Exterior""]",used,USED,in stock,ONR33E,Kinna Bil,Kinna,Västra Götalands län,SE,0acea758-e5c9-412b-933a-8cd3c8e269f3,Volvo,5489 kr/mån,Lånebelopp: 279200 kr,Kontantinsats: 69800 kr
7fe98826-de79-4d61-a0e8-b30e7fd3855a,Volvo C40 Ultimate,Ultimate. Från 5 332 kr/mån. Miltal: 9 613 mil. Årsmodell: 2023. Växellåda: Automat. Bränsle: El. Reg.nr: RAF58W. Kontakta oss för mer information.,https://borasbil.se/bilar/volvo-c40-recharge-twin-motor-raf58w,Volvo,C40,2023,96130,KM,Sedan,Electric,Automatic,339000 SEK,339000 SEK,https://cdn.wayke.se/cfit/ad30bf13-c217-466e-946d-73ca0a9323b6/c073407c-c166-4677-9ba9-3b39c85f9511?format=jpeg&r=0000000&w=800,"[""Exterior""]",used,USED,in stock,RAF58W,Kinna Bil,Kinna,Västra Götalands län,SE,0acea758-e5c9-412b-933a-8cd3c8e269f3,Volvo,5332 kr/mån,Lånebelopp: 271200 kr,Kontantinsats: 67800 kr
adb2e236-db8a-415d-b6f8-abc76a68cd74,Citroën C4 SHINE Electric 50 kwh 5-d,SHINE Electric 50 kwh 5-d. Från 2 973 kr/mån. Miltal: 3 001 mil. Årsmodell: 2022. Växellåda: Automat. Bränsle: El. Reg.nr: PXF17U. Kontakta oss för mer information.,https://borasbil.se/bilar/citroen-e-c4-pxf17u,Citroën,C4,2022,30010,KM,Sedan,Electric,Automatic,189000 SEK,189000 SEK,https://cdn.wayke.se/cfit/b7acb986-7420-4788-aa40-e103daf7cba6/fd805ae4-a3e9-4c27-b4fc-84ec5de69b82?format=jpeg&r=0000000&w=800,"[""Exterior""]",used,USED,in stock,PXF17U,Borås Bil,Borås,Västra Götalands län,SE,56b1373f-95bd-4e74-9030-15708ada078d,Citroën,2973 kr/mån,Lånebelopp: 151200 kr,Kontantinsats: 37800 kr
ca185fb3-35ff-4f0a-927e-bcbc55664bcb,Renault Mégane E-TECH Equilibre 60kWh/220hk,Equilibre 60kWh/220hk. Från 3 853 kr/mån. Miltal: 2 942 mil. Årsmodell: 2023. Växellåda: Automat. Bränsle: El. Reg.nr: WWA29D. Kontakta oss för mer information.,https://borasbil.se/bilar/renault-megane-e-tech-wwa29d,Renault,Mégane E-TECH,2023,29420,KM,Sedan,Electric,Automatic,245000 SEK,245000 SEK,https://cdn.wayke.se/cfit/e61b973b-4119-475b-a43f-a78fbe5d5af7/da05d3d4-8350-4f13-a81d-1a11686b63da?format=jpeg&r=0000000&w=800,"[""Exterior""]",used,USED,in stock,WWA29D,Borås Bil,Borås,Västra Götalands län,SE,56b1373f-95bd-4e74-9030-15708ada078d,Renault,3853 kr/mån,Lånebelopp: 196000 kr,Kontantinsats: 49000 kr
6e74e8ca-93ac-44ad-8236-173faf394848,Renault Clio TCe 90 Equilibre 5-d,TCe 90 Equilibre 5-d. Från 2 249 kr/mån. Miltal: 3 648 mil. Årsmodell: 2023. Växellåda: Manuell. Bränsle: Bensin. Reg.nr: WAH16R. Kontakta oss för mer information.,https://borasbil.se/bilar/renault-clio-wah16r,Renault,Clio,2023,36480,KM,Sedan,Gasoline,Manual,143000 SEK,143000 SEK,https://cdn.wayke.se/cfit/1d16e5cb-7856-4624-8958-92c6db7fd97b/b5906f65-fc66-403b-908a-d81282944ce3?format=jpeg&r=0000000&w=800,"[""Exterior""]",used,USED,in stock,WAH16R,Borås Bil,Borås,Västra Götalands län,SE,56b1373f-95bd-4e74-9030-15708ada078d,Renault,2249 kr/mån,Lånebelopp: 114400 kr,Kontantinsats: 28600 kr
0bca5402-b2a3-40b3-8f46-6925c6f9f16b,Volvo V60 T6 Core Bright,T6 Core Bright. Från 6 275 kr/mån. Miltal: 5 245 mil. Årsmodell: 2025. Växellåda: Automat. Bränsle: Bensin+El. Reg.nr: ROL77B. Kontakta oss för mer information.,https://borasbil.se/bilar/volvo-v60-rol77b,Volvo,V60,2025,52450,KM,Wagon,Bensin+El,Automatic,399000 SEK,399000 SEK,https://cdn.wayke.se/cfit/c7beb77e-351f-44c7-9ee3-6f8a411bb101/e1d74341-cc44-479e-bfbb-50ab0666599a?format=jpeg&r=0000000&w=800,"[""Exterior""]",used,USED,in stock,ROL77B,Borås Bil,Borås,Västra Götalands län,SE,56b1373f-95bd-4e74-9030-15708ada078d,Volvo,6275 kr/mån,Lånebelopp: 319200 kr,Kontantinsats: 79800 kr
a0db7087-7d60-460b-8e1a-d5540c403844,"Volvo XC40 Ultimate - Elstolar, Harman/Kardon, 360-kamera","Ultimate - Elstolar, Harman/Kardon, 360-kamera. Från 5 489 kr/mån. Miltal: 6 362 mil. Årsmodell: 2023. Växellåda: Automat. Bränsle: El. Reg.nr: RAD37A. Kontakta oss för mer information.",https://borasbil.se/bilar/volvo-xc40-recharge-single-motor-rad37a,Volvo,XC40,2023,63620,KM,SUV,Electric,Automatic,349000 SEK,349000 SEK,https://cdn.wayke.se/cfit/08a206bf-10a8-4e7c-a252-4890e1a27ae1/27163eab-65db-4292-8ef6-cf9777c6f061?format=jpeg&r=0000000&w=800,"[""Exterior""]",used,USED,in stock,RAD37A,Bogesunds Bil Ulricehamn,Ulricehamn,Västra Götalands län,SE,c2d1288f-1959-4cbe-afd2-9e60608c9a6b,Volvo,5489 kr/mån,Lånebelopp: 279200 kr,Kontantinsats: 69800 kr
d42f93cc-99c3-4b91-9b0d-e18250e3187e,Volvo XC60 Recharge T6 Ultimate Bright,Recharge T6 Ultimate Bright. Från 7 691 kr/mån. Miltal: 4 564 mil. Årsmodell: 2023. Växellåda: Automat. Bränsle: Bensin+El. Reg.nr: SCC58B. Kontakta oss för mer information.,https://borasbil.se/bilar/volvo-xc60-scc58b,Volvo,XC60,2023,45640,KM,SUV,Bensin+El,Automatic,489000 SEK,489000 SEK,https://cdn.wayke.se/cfit/04a4ea7d-a69c-43ca-9668-91d577a100f3/21112900-bd57-44a6-8b87-0524145116e5?format=jpeg&r=0000000&w=800,"[""Exterior""]",used,USED,in stock,SCC58B,Borås Bil,Borås,Västra Götalands län,SE,56b1373f-95bd-4e74-9030-15708ada078d,Volvo,7691 kr/mån,Lånebelopp: 391200 kr,Kontantinsats: 97800 kr
0ce0aaa6-d5bd-483b-b6b9-5812d3d0673d,Volvo C40 Core,Core. Från 4 703 kr/mån. Miltal: 8 001 mil. Årsmodell: 2023. Växellåda: Automat. Bränsle: El. Reg.nr: TWA12C. Kontakta oss för mer information.,https://borasbil.se/bilar/volvo-c40-recharge-single-motor-twa12c,Volvo,C40,2023,80010,KM,Sedan,Electric,Automatic,299000 SEK,299000 SEK,https://cdn.wayke.se/cfit/8324fdd7-2a5c-4211-9d9e-959188fdc970/36ee899d-5034-4c12-8d55-7ec93ac23aed?format=jpeg&r=0000000&w=800,"[""Exterior""]",used,USED,in stock,TWA12C,Bogesunds Bil Ulricehamn,Ulricehamn,Västra Götalands län,SE,c2d1288f-1959-4cbe-afd2-9e60608c9a6b,Volvo,4703 kr/mån,Lånebelopp: 239200 kr,Kontantinsats: 59800 kr
e17c16f1-b0f4-4c59-a5d1-2d8f49178b67,Volvo XC60 Recharge T6 Core Edition,Recharge T6 Core Edition. Från 6 433 kr/mån. Miltal: 8 254 mil. Årsmodell: 2023. Växellåda: Automat. Bränsle: Laddhybrid. Reg.nr: GJA09B. Kontakta oss för mer information.,https://borasbil.se/bilar/volvo-xc60-gja09b,Volvo,XC60,2023,82540,KM,SUV,Plug-in Hybrid,Automatic,409000 SEK,409000 SEK,https://cdn.wayke.se/cfit/af44dc7e-5c49-4bcc-8476-33dd5f30f621/5db10b29-b65c-44f8-9490-131616703614?format=jpeg&r=0000000&w=800,"[""Exterior""]",used,USED,in stock,GJA09B,Borås Bil,Borås,Västra Götalands län,SE,56b1373f-95bd-4e74-9030-15708ada078d,Volvo,6433 kr/mån,Lånebelopp: 327200 kr,Kontantinsats: 81800 kr
1a8ad51e-2200-46e1-8ee6-995a8e667e5b,Peugeot Partner Skåp Plus L1 BHDi 130 A,Skåp Plus L1 BHDi 130 A. Från 4 388 kr/mån. Miltal: 6 750 mil. Årsmodell: 2024. Växellåda: Automat. Bränsle: Diesel. Reg.nr: HAG58U. Kontakta oss för mer information.,https://borasbil.se/bilar/peugeot-partner-utokad-last-hag58u,Peugeot,Partner,2024,67500,KM,Sedan,Diesel,Automatic,279000 SEK,279000 SEK,https://cdn.wayke.se/cfit/492abd86-77d1-4a02-874e-7a32dda07774/af731fc2-fa69-4a16-a8c9-22be8599caae?format=jpeg&r=0000000&w=800,"[""Exterior""]",used,USED,in stock,HAG58U,Borås Bil,Borås,Västra Götalands län,SE,56b1373f-95bd-4e74-9030-15708ada078d,Peugeot,4388 kr/mån,Lånebelopp: 223200 kr,Kontantinsats: 55800 kr
d2d82ba4-9103-4c2b-a292-ff48b8006ab4,Citroën C4 SHINE Pure Tech 130 A 5-d,SHINE Pure Tech 130 A 5-d. Från 2 973 kr/mån. Miltal: 3 950 mil. Årsmodell: 2023. Växellåda: Automat. Bränsle: Bensin. Reg.nr: ESG24A. Kontakta oss för mer information.,https://borasbil.se/bilar/citroen-c4-esg24a,Citroën,C4,2023,39500,KM,Sedan,Gasoline,Automatic,189000 SEK,189000 SEK,https://cdn.wayke.se/cfit/e3efe4af-c48f-4a70-98ca-a040fa047587/de65f39f-1fc5-4b04-8c82-75cb38d9f4bf?format=jpeg&r=0000000&w=800,"[""Exterior""]",used,USED,in stock,ESG24A,Borås Bil,Borås,Västra Götalands län,SE,56b1373f-95bd-4e74-9030-15708ada078d,Citroën,2973 kr/mån,Lånebelopp: 151200 kr,Kontantinsats: 37800 kr
9e0521bb-ba27-4777-b4d3-6065c5dd1fa9,"Volvo V60 D4 AWD Advanced Edt - 18""-hjul, Smartphone integration, Bränslevärmare","D4 AWD Advanced Edt - 18""-hjul, Smartphone integration, Bränslevärmare. Från 5 175 kr/mån. Miltal: 8 000 mil. Årsmodell: 2019. Växellåda: Automat. Bränsle: Diesel. Reg.nr: BBZ672. Kontakta oss för mer information.",https://borasbil.se/bilar/volvo-v60-cross-country-bbz672,Volvo,V60,2019,80000,KM,Wagon,Diesel,Automatic,329000 SEK,329000 SEK,https://cdn.wayke.se/cfit/ee249e3a-845d-45db-ace0-1df4b2c65c80/05826069-58cc-4d8d-8a7d-26ccecb3a7d8?format=jpeg&r=0000000&w=800,"[""Exterior""]",used,USED,in stock,BBZ672,Bogesunds Bil Ulricehamn,Ulricehamn,Västra Götalands län,SE,c2d1288f-1959-4cbe-afd2-9e60608c9a6b,Volvo,5175 kr/mån,Lånebelopp: 263200 kr,Kontantinsats: 65800 kr
1d006475-617b-40d3-bc98-e69c7f2fafdb,Volvo XC60 D4 AWD Classic Summum,D4 AWD Classic Summum. Från 3 916 kr/mån. Miltal: 10 900 mil. Årsmodell: 2017. Växellåda: Automat. Bränsle: Diesel. Reg.nr: RLX689. Kontakta oss för mer information.,https://borasbil.se/bilar/volvo-xc60-rlx689,Volvo,XC60,2017,109000,KM,SUV,Diesel,Automatic,249000 SEK,249000 SEK,https://cdn.wayke.se/cfit/5b374beb-8afc-4514-8b3d-2cad0da64284/5ec0f1cb-feb9-4cdd-8564-4a5f3ae93b7b?format=jpeg&r=0000000&w=800,"[""Exterior""]",used,USED,in stock,RLX689,Bogesunds Bil Ulricehamn,Ulricehamn,Västra Götalands län,SE,c2d1288f-1959-4cbe-afd2-9e60608c9a6b,Volvo,3916 kr/mån,Lånebelopp: 199200 kr,Kontantinsats: 49800 kr
b753175f-3306-49dd-aacf-96989320b93c,Volvo V90 T6 Plus Dark Nordic Edition,T6 Plus Dark Nordic Edition. Från 8 320 kr/mån. Miltal: 1 565 mil. Årsmodell: 2026. Växellåda: Automat. Bränsle: Bensin. Reg.nr: SGL68G. Kontakta oss för mer information.,https://borasbil.se/bilar/volvo-v90-sgl68g,Volvo,V90,2026,15650,KM,Wagon,Gasoline,Automatic,529000 SEK,529000 SEK,https://cdn.wayke.se/cfit/ceb942dd-eb33-4b0f-8a6d-0b667930154b/a1f83407-f705-4191-9b5d-8a98415d5b1f?format=jpeg&r=0000000&w=800,"[""Exterior""]",new,NEW,in stock,SGL68G,Borås Bil,Borås,Västra Götalands län,SE,56b1373f-95bd-4e74-9030-15708ada078d,Volvo,8320 kr/mån,Lånebelopp: 423200 kr,Kontantinsats: 105800 kr
b51b50b8-a7da-47bd-8740-3ee9b73792d2,Peugeot 2008 GT Electric 5-d SUV,GT Electric 5-d SUV. Från 3 287 kr/mån. Miltal: 4 689 mil. Årsmodell: 2022. Växellåda: Automat. Bränsle: El. Reg.nr: UBJ62P. Kontakta oss för mer information.,https://borasbil.se/bilar/peugeot-e-2008-ubj62p,Peugeot,2008,2022,46890,KM,Sedan,Electric,Automatic,209000 SEK,209000 SEK,https://cdn.wayke.se/cfit/e1b5aaa6-fcb6-42c2-901b-bdeaee73f016/90cd6bd9-f29f-4d00-bfdd-026dcb05e30c?format=jpeg&r=0000000&w=800,"[""Exterior""]",used,USED,in stock,UBJ62P,Borås Bil,Borås,Västra Götalands län,SE,56b1373f-95bd-4e74-9030-15708ada078d,Peugeot,3287 kr/mån,Lånebelopp: 167200 kr,Kontantinsats: 41800 kr
6a6cc2ba-7ac9-4ceb-8878-a59ab39d0a27,Peugeot 2008 GT Electric 5-d SUV,GT Electric 5-d SUV. Från 3 444 kr/mån. Miltal: 737 mil. Årsmodell: 2022. Växellåda: Automat. Bränsle: El. Reg.nr: SHA84J. Kontakta oss för mer information.,https://borasbil.se/bilar/peugeot-e-2008-sha84j,Peugeot,2008,2022,7370,KM,Sedan,Electric,Automatic,219000 SEK,219000 SEK,https://cdn.wayke.se/cfit/9abd6019-2b70-4adb-b44e-fd486be8890b/dc3f63b7-71f7-4a92-b8c4-ef7dcfe27e75?format=jpeg&r=0000000&w=800,"[""Exterior""]",used,USED,in stock,SHA84J,Borås Bil,Borås,Västra Götalands län,SE,56b1373f-95bd-4e74-9030-15708ada078d,Peugeot,3444 kr/mån,Lånebelopp: 175200 kr,Kontantinsats: 43800 kr
b54cca6d-b656-406c-93e2-ac43e863fe84,Volvo C40 Ultimate,Ultimate. Från 5 804 kr/mån. Miltal: 6 977 mil. Årsmodell: 2023. Växellåda: Automat. Bränsle: El. Reg.nr: KFE90W. Kontakta oss för mer information.,https://borasbil.se/bilar/volvo-c40-recharge-twin-motor-kfe90w,Volvo,C40,2023,69770,KM,Sedan,Electric,Automatic,369000 SEK,369000 SEK,https://cdn.wayke.se/cfit/0f459aa4-60d4-4afc-acb3-da6d9f615ef9/3d214cd5-f705-4b92-a706-94a71ebad1b8?format=jpeg&r=0000000&w=800,"[""Exterior""]",used,USED,in stock,KFE90W,Kinna Bil,Kinna,Västra Götalands län,SE,0acea758-e5c9-412b-933a-8cd3c8e269f3,Volvo,5804 kr/mån,Lånebelopp: 295200 kr,Kontantinsats: 73800 kr
de9612c2-2e52-44b3-b58f-aa1ad677cf4b,Volvo V60 T6 Plus Dark Nordic Edition,T6 Plus Dark Nordic Edition. Från 7 848 kr/mån. Miltal: 1 347 mil. Årsmodell: 2026. Växellåda: Automat. Bränsle: Bensin. Reg.nr: JJP06G. Kontakta oss för mer information.,https://borasbil.se/bilar/volvo-v60-jjp06g,Volvo,V60,2026,13470,KM,Wagon,Gasoline,Automatic,499000 SEK,499000 SEK,https://cdn.wayke.se/cfit/fb86ad5c-2094-4e32-b953-e17783680ab0/4d30c60e-37a9-46f7-8644-d0b455e821df?format=jpeg&r=0000000&w=800,"[""Exterior""]",new,NEW,in stock,JJP06G,Borås Bil,Borås,Västra Götalands län,SE,56b1373f-95bd-4e74-9030-15708ada078d,Volvo,7848 kr/mån,Lånebelopp: 399200 kr,Kontantinsats: 99800 kr
87d88fa9-3ed1-4065-b4d1-0129c6a26968,Volvo V60 T6 Plus Dark Nordic Edition,T6 Plus Dark Nordic Edition. Från 7 848 kr/mån. Miltal: 1 599 mil. Årsmodell: 2026. Växellåda: Automat. Bränsle: Bensin. Reg.nr: RCB74C. Kontakta oss för mer information.,https://borasbil.se/bilar/volvo-v60-rcb74c,Volvo,V60,2026,15990,KM,Wagon,Gasoline,Automatic,499000 SEK,499000 SEK,https://cdn.wayke.se/cfit/545b0a9b-4465-4f98-8af1-52d804257348/3ad2e6ab-8996-48cc-820c-fbfe3473563c?format=jpeg&r=0000000&w=800,"[""Exterior""]",new,NEW,in stock,RCB74C,Borås Bil,Borås,Västra Götalands län,SE,56b1373f-95bd-4e74-9030-15708ada078d,Volvo,7848 kr/mån,Lånebelopp: 399200 kr,Kontantinsats: 99800 kr
1b8af313-6429-4aba-bed6-01904805f77e,Volvo XC90 T8 Ultra Dark,T8 Ultra Dark. Från 13 196 kr/mån. Miltal: 1 771 mil. Årsmodell: 2026. Växellåda: Automat. Bränsle: Bensin. Reg.nr: RCB62C. Kontakta oss för mer information.,https://borasbil.se/bilar/volvo-xc90-rcb62c,Volvo,XC90,2026,17710,KM,SUV,Gasoline,Automatic,839000 SEK,839000 SEK,https://cdn.wayke.se/cfit/0450481b-e16f-477a-8a0c-1aa50e9bf9cd/21dab41e-9a26-4c8e-870d-1d544d88979d?format=jpeg&r=0000000&w=800,"[""Exterior""]",new,NEW,in stock,RCB62C,Borås Bil,Borås,Västra Götalands län,SE,56b1373f-95bd-4e74-9030-15708ada078d,Volvo,13196 kr/mån,Lånebelopp: 671200 kr,Kontantinsats: 167800 kr
d13aa376-0a96-42e2-84f0-238e40210c05,Volvo V90 T6 Plus Dark Nordic Edition,T6 Plus Dark Nordic Edition. Från 8 320 kr/mån. Miltal: 1 800 mil. Årsmodell: 2026. Växellåda: Automat. Bränsle: Bensin. Reg.nr: LJL12A. Kontakta oss för mer information.,https://borasbil.se/bilar/volvo-v90-ljl12a,Volvo,V90,2026,18000,KM,Wagon,Gasoline,Automatic,529000 SEK,529000 SEK,https://cdn.wayke.se/cfit/61734aa6-63c9-43bf-91fb-d4bfaea654d6/921bb63a-26b0-440f-b01e-3721408f3390?format=jpeg&r=0000000&w=800,"[""Exterior""]",new,NEW,in stock,LJL12A,Borås Bil,Borås,Västra Götalands län,SE,56b1373f-95bd-4e74-9030-15708ada078d,Volvo,8320 kr/mån,Lånebelopp: 423200 kr,Kontantinsats: 105800 kr
79dd1025-4e9c-448a-9b39-9003bc5dcf6f,Volvo XC90 T8 Ultra Dark,T8 Ultra Dark. Från 13 353 kr/mån. Miltal: 1 904 mil. Årsmodell: 2026. Växellåda: Automat. Bränsle: Bensin. Reg.nr: CFD50L. Kontakta oss för mer information.,https://borasbil.se/bilar/volvo-xc90-cfd50l,Volvo,XC90,2026,19040,KM,SUV,Gasoline,Automatic,849000 SEK,849000 SEK,https://cdn.wayke.se/cfit/50c55c81-e799-4755-90d4-7a6c2944129e/1db5fe5a-3fdf-42c4-9161-3cb93e0e7acf?format=jpeg&r=0000000&w=800,"[""Exterior""]",new,NEW,in stock,CFD50L,Borås Bil,Borås,Västra Götalands län,SE,56b1373f-95bd-4e74-9030-15708ada078d,Volvo,13353 kr/mån,Lånebelopp: 679200 kr,Kontantinsats: 169800 kr
726c3d5f-bd02-4b6d-a002-d0c8631a5f68,Volvo XC40 Ultimate,Ultimate. Från 6 118 kr/mån. Miltal: 7 007 mil. Årsmodell: 2023. Växellåda: Automat. Bränsle: El. Reg.nr: KLW26X. Kontakta oss för mer information.,https://borasbil.se/bilar/volvo-xc40-recharge-twin-motor-klw26x,Volvo,XC40,2023,70070,KM,SUV,Electric,Automatic,389000 SEK,389000 SEK,https://cdn.wayke.se/cfit/51a1c0a8-9c5c-4526-a6b3-80604075bfd2/8e306aa4-d51b-46c6-b71b-039ad6122e0a?format=jpeg&r=0000000&w=800,"[""Exterior""]",used,USED,in stock,KLW26X,Kinna Bil,Kinna,Västra Götalands län,SE,0acea758-e5c9-412b-933a-8cd3c8e269f3,Volvo,6118 kr/mån,Lånebelopp: 311200 kr,Kontantinsats: 77800 kr
5499b82e-e0af-41bc-825a-4112732747cd,Volvo EX40 Single Motor ExtendedRange Plus SE,Single Motor ExtendedRange Plus SE. Från 8 855 kr/mån. Årsmodell: 2026. Växellåda: Automat. Bränsle: El. Reg.nr: WCW24D. Kontakta oss för mer information.,https://borasbil.se/bilar/volvo-volvo-ex40-wcw24d,Volvo,EX40,2026,1,KM,Sedan,Electric,Automatic,563000 SEK,563000 SEK,https://cdn.wayke.se/cfit/3e76715a-743b-487e-929b-874be33414f8/8fe18be7-411d-483e-9293-42a5de692339?format=jpeg&r=0000000&w=800,"[""Exterior""]",new,NEW,in stock,WCW24D,Bogesunds Bil Ulricehamn,Ulricehamn,Västra Götalands län,SE,c2d1288f-1959-4cbe-afd2-9e60608c9a6b,Volvo,8855 kr/mån,Lånebelopp: 450400 kr,Kontantinsats: 112600 kr
e74b7405-cbbe-4a62-a763-39d77aa6f093,Volvo EX40 Single Motor ExtendedRange Plus SE,Single Motor ExtendedRange Plus SE. Från 8 855 kr/mån. Årsmodell: 2026. Växellåda: Automat. Bränsle: El. Reg.nr: RZJ94U. Kontakta oss för mer information.,https://borasbil.se/bilar/volvo-volvo-ex40-rzj94u,Volvo,EX40,2026,1,KM,Sedan,Electric,Automatic,563000 SEK,563000 SEK,https://cdn.wayke.se/cfit/39e933b7-9258-4624-aa1b-29067565636e/41ac8b97-79be-4b19-a377-ccf9bdfed33a?format=jpeg&r=0000000&w=800,"[""Exterior""]",new,NEW,in stock,RZJ94U,Kinna Bil,Kinna,Västra Götalands län,SE,0acea758-e5c9-412b-933a-8cd3c8e269f3,Volvo,8855 kr/mån,Lånebelopp: 450400 kr,Kontantinsats: 112600 kr
d2e18fac-3803-4cc3-ac48-3da570f8ff1c,Volvo EX40 Single Motor ExtendedRange Plus SE,Single Motor ExtendedRange Plus SE. Från 8 855 kr/mån. Årsmodell: 2026. Växellåda: Automat. Bränsle: El. Reg.nr: RCP28B. Kontakta oss för mer information.,https://borasbil.se/bilar/volvo-volvo-ex40-rcp28b,Volvo,EX40,2026,1,KM,Sedan,Electric,Automatic,563000 SEK,563000 SEK,https://cdn.wayke.se/cfit/d4b557be-6a89-452a-8e25-76d2af7d6a92/91d0bf47-da82-4b62-a3be-2c15320baf15?format=jpeg&r=0000000&w=800,"[""Exterior""]",new,NEW,in stock,RCP28B,Borås Bil,Borås,Västra Götalands län,SE,56b1373f-95bd-4e74-9030-15708ada078d,Volvo,8855 kr/mån,Lånebelopp: 450400 kr,Kontantinsats: 112600 kr
504b8620-c478-432e-bff1-d2587e734ec4,Polestar 3 111kW Plus Pilot Performance Nappa,111kW Plus Pilot Performance Nappa. Från 12 409 kr/mån. Miltal: 1 542 mil. Årsmodell: 2025. Växellåda: Automat. Bränsle: El. Reg.nr: CST23F. Kontakta oss för mer information.,https://borasbil.se/bilar/polestar-3-long-range-dual-motor-cst23f,Polestar,3,2025,15420,KM,Sedan,Electric,Automatic,789000 SEK,789000 SEK,https://cdn.wayke.se/cfit/8565a994-ef4f-4dde-b295-35cfdc65fceb/3c4b208b-54c7-4607-9677-edbf3aa71174?format=jpeg&r=0000000&w=800,"[""Exterior""]",used,USED,in stock,CST23F,Bogesunds Bil Ulricehamn,Ulricehamn,Västra Götalands län,SE,c2d1288f-1959-4cbe-afd2-9e60608c9a6b,Polestar,12409 kr/mån,Lånebelopp: 631200 kr,Kontantinsats: 157800 kr
51ae9c65-e57c-482e-923d-db7dc3c788a6,Volvo V60 T6 Plus Dark Nordic Edition,T6 Plus Dark Nordic Edition. Från 7 848 kr/mån. Miltal: 1 530 mil. Årsmodell: 2026. Växellåda: Automat. Bränsle: Bensin. Reg.nr: TXP02U. Kontakta oss för mer information.,https://borasbil.se/bilar/volvo-v60-txp02u,Volvo,V60,2026,15300,KM,Wagon,Gasoline,Automatic,499000 SEK,499000 SEK,https://cdn.wayke.se/cfit/925c5f6e-a494-4c2f-bc13-a4134d7129c9/ff2d2e1d-d920-412c-9d47-9b663fb45902?format=jpeg&r=0000000&w=800,"[""Exterior""]",new,NEW,in stock,TXP02U,Borås Bil,Borås,Västra Götalands län,SE,56b1373f-95bd-4e74-9030-15708ada078d,Volvo,7848 kr/mån,Lånebelopp: 399200 kr,Kontantinsats: 99800 kr
0e7cb6ca-8085-49ae-989c-2e8c052bff1c,Volvo V60 T6 Plus Dark Nordic Edition,T6 Plus Dark Nordic Edition. Från 7 848 kr/mån. Miltal: 1 761 mil. Årsmodell: 2026. Växellåda: Automat. Bränsle: Bensin. Reg.nr: SNJ07U. Kontakta oss för mer information.,https://borasbil.se/bilar/volvo-v60-snj07u,Volvo,V60,2026,17610,KM,Wagon,Gasoline,Automatic,499000 SEK,499000 SEK,https://cdn.wayke.se/cfit/a51a3bf6-654b-4913-b4dd-24945c2c5de6/38eb5ec1-866d-4140-a5a2-738fa416e70d?format=jpeg&r=0000000&w=800,"[""Exterior""]",new,NEW,in stock,SNJ07U,Borås Bil,Borås,Västra Götalands län,SE,56b1373f-95bd-4e74-9030-15708ada078d,Volvo,7848 kr/mån,Lånebelopp: 399200 kr,Kontantinsats: 99800 kr
a262ce0f-9299-4548-ae01-f864fc61a6ac,Maxus T60 Max Luxury 2.0 215 hk A,Luxury 2.0 215 hk A. Från 7 665 kr/mån. Årsmodell: 2026. Växellåda: Automat. Bränsle: Diesel. Reg.nr: CAD02L. Kontakta oss för mer information.,https://borasbil.se/bilar/maxus-t60-max-cad02l,Maxus,T60 Max,2026,1,KM,Sedan,Diesel,Automatic,487375 SEK,487375 SEK,https://cdn.wayke.se/cfit/2b2c711d-1ca0-4312-885d-b03c2b7b51b8/8d611d7d-5c9f-4ba7-ae67-065c2f8ca458?format=jpeg&r=0000000&w=800,"[""Exterior""]",new,NEW,in stock,CAD02L,Borås Bil,Borås,Västra Götalands län,SE,56b1373f-95bd-4e74-9030-15708ada078d,Maxus,7665 kr/mån,Lånebelopp: 389900 kr,Kontantinsats: 97475 kr
a47bf5c8-44d0-4112-8a7e-03f6d798f2b7,Maxus T60 Max Luxury 2.0 215 hk A,Luxury 2.0 215 hk A. Från 7 665 kr/mån. Årsmodell: 2026. Växellåda: Automat. Bränsle: Diesel. Reg.nr: EFD45T. Kontakta oss för mer information.,https://borasbil.se/bilar/maxus-t60-max-efd45t,Maxus,T60 Max,2026,1,KM,Sedan,Diesel,Automatic,487375 SEK,487375 SEK,https://cdn.wayke.se/cfit/22d73d91-05b0-4967-a5b5-e302b46b874d/0ad1a253-5076-414d-a0ef-a0b6f4cf4782?format=jpeg&r=0000000&w=800,"[""Exterior""]",new,NEW,in stock,EFD45T,Borås Bil,Borås,Västra Götalands län,SE,56b1373f-95bd-4e74-9030-15708ada078d,Maxus,7665 kr/mån,Lånebelopp: 389900 kr,Kontantinsats: 97475 kr
c49ea5ca-4f3b-4001-9319-2a951a763c10,Volvo EX30 Plus,Plus. Från 6 983 kr/mån. Årsmodell: 2026. Växellåda: Automat. Bränsle: El. Reg.nr: UXJ10T. Kontakta oss för mer information.,https://borasbil.se/bilar/volvo-ex30-single-motor-uxj10t,Volvo,EX30,2026,1,KM,SUV,Electric,Automatic,444000 SEK,444000 SEK,https://cdn.wayke.se/cfit/b44dd4d8-901f-4331-aa9e-bcdafb2415ed/84a7dc6e-0b75-4799-8d0b-6bc22e834965?format=jpeg&r=0000000&w=800,"[""Exterior""]",new,NEW,in stock,UXJ10T,Borås Bil,Borås,Västra Götalands län,SE,56b1373f-95bd-4e74-9030-15708ada078d,Volvo,6983 kr/mån,Lånebelopp: 355200 kr,Kontantinsats: 88800 kr
e832cd1f-2334-4c49-bed3-527e5f616b64,Volvo EX40 M R Plus Black SE,M R Plus Black SE. Från 9 169 kr/mån. Årsmodell: 2026. Växellåda: Automat. Bränsle: El. Reg.nr: UJB93F. Kontakta oss för mer information.,https://borasbil.se/bilar/volvo-ex40-single-motor-extended-range-ujb93f,Volvo,EX40,2026,1,KM,Sedan,Electric,Automatic,583000 SEK,583000 SEK,https://cdn.wayke.se/cfit/9489cbe6-2418-4c99-907e-09f8ceeb33d5/0b01f1c5-15b1-4476-a006-5ff454f7761d?format=jpeg&r=0000000&w=800,"[""Exterior""]",new,NEW,in stock,UJB93F,Borås Bil,Borås,Västra Götalands län,SE,56b1373f-95bd-4e74-9030-15708ada078d,Volvo,9169 kr/mån,Lånebelopp: 466400 kr,Kontantinsats: 116600 kr
cf6c451a-6806-469f-9301-3e67d1b76737,Volvo EX40 Single Motor ExtendedRange Plus SE,Single Motor ExtendedRange Plus SE. Från 8 855 kr/mån. Årsmodell: 2026. Växellåda: Automat. Bränsle: El. Reg.nr: UEN63S. Kontakta oss för mer information.,https://borasbil.se/bilar/volvo-volvo-ex40-uen63s,Volvo,EX40,2026,1,KM,Sedan,Electric,Automatic,563000 SEK,563000 SEK,https://cdn.wayke.se/cfit/600dc8d5-4bed-43c8-88ea-ec87af54828c/1833c9f2-6dba-47f5-baf1-6429651fe49a?format=jpeg&r=0000000&w=800,"[""Exterior""]",new,NEW,in stock,UEN63S,Borås Bil,Borås,Västra Götalands län,SE,56b1373f-95bd-4e74-9030-15708ada078d,Volvo,8855 kr/mån,Lånebelopp: 450400 kr,Kontantinsats: 112600 kr
54e26443-302a-4e45-a908-ad3e8f9615c0,Volvo XC60 T6 Plus Dark Nordic Edition,T6 Plus Dark Nordic Edition. Från 10 028 kr/mån. Årsmodell: 2026. Växellåda: Automat. Bränsle: Bensin+El. Reg.nr: NOJ05Y. Kontakta oss för mer information.,https://borasbil.se/bilar/volvo-xc60-noj05y,Volvo,XC60,2026,1,KM,SUV,Bensin+El,Automatic,637600 SEK,637600 SEK,https://cdn.wayke.se/cfit/f78dd0b6-e855-4e71-b02c-2c126c2fff01/d51b5b4f-34cc-4318-a804-97fd2e834544?format=jpeg&r=0000000&w=800,"[""Exterior""]",new,NEW,in stock,NOJ05Y,Bogesunds Bil Ulricehamn,Ulricehamn,Västra Götalands län,SE,c2d1288f-1959-4cbe-afd2-9e60608c9a6b,Volvo,10028 kr/mån,Lånebelopp: 510080 kr,Kontantinsats: 127520 kr
1c5c2ee6-b9c4-47cf-9082-0518d358a7c4,Volvo V60 B4 Bensin Plus Dark,B4 Bensin Plus Dark. Från 5 961 kr/mån. Miltal: 6 884 mil. Årsmodell: 2023. Växellåda: Automat. Bränsle: Bensin. Reg.nr: CAW01D. Kontakta oss för mer information.,https://borasbil.se/bilar/volvo-v60-caw01d,Volvo,V60,2023,68840,KM,Wagon,Gasoline,Automatic,379000 SEK,379000 SEK,https://cdn.wayke.se/cfit/b92c0daf-3307-46ac-82fc-7e2c4ece65eb/1ad73411-ec2f-4f01-9358-08cdcf4237ff?format=jpeg&r=0000000&w=800,"[""Exterior""]",used,USED,in stock,CAW01D,Borås Bil,Borås,Västra Götalands län,SE,56b1373f-95bd-4e74-9030-15708ada078d,Volvo,5961 kr/mån,Lånebelopp: 303200 kr,Kontantinsats: 75800 kr
41abbc79-720c-43b7-9c3f-5d59ba683943,Peugeot Partner Skåp PRO+ L2 BHDi 130 A,Skåp PRO+ L2 BHDi 130 A. Från 3 916 kr/mån. Miltal: 5 350 mil. Årsmodell: 2023. Växellåda: Automat. Bränsle: Diesel. Reg.nr: CJJ01C. Kontakta oss för mer information.,https://borasbil.se/bilar/peugeot-partner-utokad-last-cjj01c,Peugeot,Partner,2023,53500,KM,Sedan,Diesel,Automatic,249000 SEK,249000 SEK,https://cdn.wayke.se/cfit/7b89f962-92a3-4749-a5ac-cc66c3e62a41/4ac79d7f-d4e5-4f77-8144-98eb541962b6?format=jpeg&r=0000000&w=800,"[""Exterior""]",used,USED,in stock,CJJ01C,Borås Bil,Borås,Västra Götalands län,SE,56b1373f-95bd-4e74-9030-15708ada078d,Peugeot,3916 kr/mån,Lånebelopp: 199200 kr,Kontantinsats: 49800 kr
9da0b438-f0ee-45f9-a7e5-5be15f49398a,Volvo V60 Recharge T8 II Polestar Engineered,Recharge T8 II Polestar Engineered. Från 6 747 kr/mån. Miltal: 10 725 mil. Årsmodell: 2022. Växellåda: Automat. Bränsle: Bensin+El. Reg.nr: SMH96U. Kontakta oss för mer information.,https://borasbil.se/bilar/volvo-v60-smh96u,Volvo,V60,2022,107250,KM,Wagon,Bensin+El,Automatic,429000 SEK,429000 SEK,https://cdn.wayke.se/cfit/4d09b0fb-5b85-495d-aad0-450b11c89ba3/00b13561-9675-4198-8b90-b7aa2d4ede92?format=jpeg&r=0000000&w=800,"[""Exterior""]",used,USED,in stock,SMH96U,Borås Bil,Borås,Västra Götalands län,SE,56b1373f-95bd-4e74-9030-15708ada078d,Volvo,6747 kr/mån,Lånebelopp: 343200 kr,Kontantinsats: 85800 kr
f91a6ad7-e74c-4015-a670-b1aafbfa8472,Peugeot 2008 GT Electric 5-d SUV,GT Electric 5-d SUV. Från 3 287 kr/mån. Miltal: 4 321 mil. Årsmodell: 2022. Växellåda: Automat. Bränsle: El. Reg.nr: DBS505. Kontakta oss för mer information.,https://borasbil.se/bilar/peugeot-e-2008-dbs505,Peugeot,2008,2022,43210,KM,Sedan,Electric,Automatic,209000 SEK,209000 SEK,https://cdn.wayke.se/cfit/abbdf6db-04ec-46cf-b21c-d967b1a905f3/05f06c04-a87d-4ed1-8fb0-489a02133be6?format=jpeg&r=0000000&w=800,"[""Exterior""]",used,USED,in stock,DBS505,Borås Bil,Borås,Västra Götalands län,SE,56b1373f-95bd-4e74-9030-15708ada078d,Peugeot,3287 kr/mån,Lånebelopp: 167200 kr,Kontantinsats: 41800 kr
7676088c-aa9d-4099-9df6-c70149e4fd81,Peugeot 2008 GT Electric 5-d SUV,GT Electric 5-d SUV. Från 3 287 kr/mån. Miltal: 3 995 mil. Årsmodell: 2022. Växellåda: Automat. Bränsle: El. Reg.nr: CGT13B. Kontakta oss för mer information.,https://borasbil.se/bilar/peugeot-e-2008-cgt13b,Peugeot,2008,2022,39950,KM,Sedan,Electric,Automatic,209000 SEK,209000 SEK,https://cdn.wayke.se/cfit/a4ed0f29-629a-4728-8cb8-213293e7d690/f37ad5f2-0f88-4137-b79f-681424c047f6?format=jpeg&r=0000000&w=800,"[""Exterior""]",used,USED,in stock,CGT13B,Borås Bil,Borås,Västra Götalands län,SE,56b1373f-95bd-4e74-9030-15708ada078d,Peugeot,3287 kr/mån,Lånebelopp: 167200 kr,Kontantinsats: 41800 kr
8d9ee90f-a170-4c84-8c78-b7cd0407517a,Peugeot 2008 GT Electric 5-d SUV,GT Electric 5-d SUV. Från 3 287 kr/mån. Miltal: 5 282 mil. Årsmodell: 2022. Växellåda: Automat. Bränsle: El. Reg.nr: RAE39M. Kontakta oss för mer information.,https://borasbil.se/bilar/peugeot-e-2008-rae39m,Peugeot,2008,2022,52820,KM,Sedan,Electric,Automatic,209000 SEK,209000 SEK,https://cdn.wayke.se/cfit/224d5e61-c5aa-4d23-ba00-43b0b0e9a7fb/cfdd40a5-c6cf-4f49-b1e0-fae536e6872b?format=jpeg&r=0000000&w=800,"[""Exterior""]",used,USED,in stock,RAE39M,Borås Bil,Borås,Västra Götalands län,SE,56b1373f-95bd-4e74-9030-15708ada078d,Peugeot,3287 kr/mån,Lånebelopp: 167200 kr,Kontantinsats: 41800 kr
e6ac91d4-c49d-484c-b778-357e6965b705,Volvo XC40 T2 FWD Momentum,T2 FWD Momentum. Från 4 860 kr/mån. Miltal: 4 148 mil. Årsmodell: 2022. Växellåda: Automat. Bränsle: Bensin. Reg.nr: UXK48T. Kontakta oss för mer information.,https://borasbil.se/bilar/volvo-xc40-uxk48t,Volvo,XC40,2022,41480,KM,SUV,Gasoline,Automatic,309000 SEK,309000 SEK,https://cdn.wayke.se/cfit/dbb2d5bd-71a5-4759-9d78-4ad80b8c92c5/fe95532e-f299-43c8-bd9c-455de73c6554?format=jpeg&r=0000000&w=800,"[""Exterior""]",used,USED,in stock,UXK48T,Borås Bil,Borås,Västra Götalands län,SE,56b1373f-95bd-4e74-9030-15708ada078d,Volvo,4860 kr/mån,Lånebelopp: 247200 kr,Kontantinsats: 61800 kr
c851059f-a702-47e0-9f44-c0752c32b0f9,Peugeot 2008 GT Electric 5-d SUV,GT Electric 5-d SUV. Från 3 287 kr/mån. Miltal: 3 487 mil. Årsmodell: 2022. Växellåda: Automat. Bränsle: El. Reg.nr: TAJ37M. Kontakta oss för mer information.,https://borasbil.se/bilar/peugeot-e-2008-taj37m,Peugeot,2008,2022,34870,KM,Sedan,Electric,Automatic,209000 SEK,209000 SEK,https://cdn.wayke.se/cfit/66e5ca50-e0a0-4ddb-83f1-e1b685a9d046/1ce049d9-7702-41b2-9cdf-e9464f6c52c0?format=jpeg&r=0000000&w=800,"[""Exterior""]",used,USED,in stock,TAJ37M,Borås Bil,Borås,Västra Götalands län,SE,56b1373f-95bd-4e74-9030-15708ada078d,Peugeot,3287 kr/mån,Lånebelopp: 167200 kr,Kontantinsats: 41800 kr
d717a311-7379-4642-b429-fa4f0bea3cde,Volvo XC40 Recharge T4 Core Bright,Recharge T4 Core Bright. Från 5 175 kr/mån. Miltal: 8 921 mil. Årsmodell: 2023. Växellåda: Automat. Bränsle: Bensin. Reg.nr: JSY15R. Kontakta oss för mer information.,https://borasbil.se/bilar/volvo-xc40-jsy15r,Volvo,XC40,2023,89210,KM,SUV,Gasoline,Automatic,329000 SEK,329000 SEK,https://cdn.wayke.se/cfit/e48e6527-3bd8-4c5a-acef-f84cabadced7/cfb6f934-3e99-4aaf-bace-8899f7d6297e?format=jpeg&r=0000000&w=800,"[""Exterior""]",used,USED,in stock,JSY15R,Borås Bil,Borås,Västra Götalands län,SE,56b1373f-95bd-4e74-9030-15708ada078d,Volvo,5175 kr/mån,Lånebelopp: 263200 kr,Kontantinsats: 65800 kr
5902ac5f-503f-4746-9380-57ab21171375,Volvo C40 Ultimate,Ultimate. Från 5 489 kr/mån. Miltal: 4 832 mil. Årsmodell: 2023. Växellåda: Automat. Bränsle: El. Reg.nr: KWA07J. Kontakta oss för mer information.,https://borasbil.se/bilar/volvo-c40-recharge-single-motor-kwa07j,Volvo,C40,2023,48320,KM,Sedan,Electric,Automatic,349000 SEK,349000 SEK,https://cdn.wayke.se/cfit/81a12bd8-3e83-46a1-a0fd-cf5a60ab3c5c/13d9f0e9-b639-4981-b920-959ba69bad0c?format=jpeg&r=0000000&w=800,"[""Exterior""]",used,USED,in stock,KWA07J,Borås Bil,Borås,Västra Götalands län,SE,56b1373f-95bd-4e74-9030-15708ada078d,Volvo,5489 kr/mån,Lånebelopp: 279200 kr,Kontantinsats: 69800 kr
f8bfaef6-2e59-4112-8c35-440268ddaf30,Volvo XC40 Ultimate,Ultimate. Från 5 646 kr/mån. Miltal: 4 203 mil. Årsmodell: 2023. Växellåda: Automat. Bränsle: El. Reg.nr: BUU65Y. Kontakta oss för mer information.,https://borasbil.se/bilar/volvo-xc40-recharge-single-motor-buu65y,Volvo,XC40,2023,42030,KM,SUV,Electric,Automatic,359000 SEK,359000 SEK,https://cdn.wayke.se/cfit/dc64d161-ac6c-4af2-ba07-a5596d6c0285/ddfa99b8-e3a0-4322-964a-dfc6842f6a99?format=jpeg&r=0000000&w=800,"[""Exterior""]",used,USED,in stock,BUU65Y,Borås Bil,Borås,Västra Götalands län,SE,56b1373f-95bd-4e74-9030-15708ada078d,Volvo,5646 kr/mån,Lånebelopp: 287200 kr,Kontantinsats: 71800 kr
63100a4c-d5bf-419c-b005-c4f1c42688cb,Volvo V60 Recharge T6 Core Edition,Recharge T6 Core Edition. Från 5 175 kr/mån. Miltal: 9 867 mil. Årsmodell: 2023. Växellåda: Automat. Bränsle: Laddhybrid. Reg.nr: UCT80S. Kontakta oss för mer information.,https://borasbil.se/bilar/volvo-v60-uct80s,Volvo,V60,2023,98670,KM,Wagon,Plug-in Hybrid,Automatic,329000 SEK,329000 SEK,https://cdn.wayke.se/cfit/d2d06c42-f47b-4f3c-b516-de60511ebcb1/9b9d102c-a9da-49fa-abaf-c8ababbcac88?format=jpeg&r=0000000&w=800,"[""Exterior""]",used,USED,in stock,UCT80S,Borås Bil,Borås,Västra Götalands län,SE,56b1373f-95bd-4e74-9030-15708ada078d,Volvo,5175 kr/mån,Lånebelopp: 263200 kr,Kontantinsats: 65800 kr
200e7f03-f14b-424b-b414-c5c3befaf5a7,Volvo C40 Plus,Plus. Från 4 545 kr/mån. Miltal: 8 653 mil. Årsmodell: 2023. Växellåda: Automat. Bränsle: El. Reg.nr: WAA14D. Kontakta oss för mer information.,https://borasbil.se/bilar/volvo-c40-recharge-single-motor-waa14d,Volvo,C40,2023,86530,KM,Sedan,Electric,Automatic,289000 SEK,289000 SEK,https://cdn.wayke.se/cfit/15325510-2f8c-41e0-8c6c-e68d89cc6d88/056fb96c-acb8-4d95-abce-18df2cf8854a?format=jpeg&r=0000000&w=800,"[""Exterior""]",used,USED,in stock,WAA14D,Borås Bil,Borås,Västra Götalands län,SE,56b1373f-95bd-4e74-9030-15708ada078d,Volvo,4545 kr/mån,Lånebelopp: 231200 kr,Kontantinsats: 57800 kr
12c2e3b3-f9e1-4768-ad28-d2eb097fd845,Volvo XC60 T6 Plus Dark Nordic Edition,T6 Plus Dark Nordic Edition. Från 9 421 kr/mån. Miltal: 1 801 mil. Årsmodell: 2026. Växellåda: Automat. Bränsle: Bensin. Reg.nr: PCW04H. Kontakta oss för mer information.,https://borasbil.se/bilar/volvo-xc60-pcw04h,Volvo,XC60,2026,18010,KM,SUV,Gasoline,Automatic,599000 SEK,599000 SEK,https://cdn.wayke.se/cfit/688de20e-3b4a-416f-b0d8-28a13c04be06/615d81bc-e464-493b-82de-7bb315980ade?format=jpeg&r=0000000&w=800,"[""Exterior""]",new,NEW,in stock,PCW04H,Kinna Bil,Kinna,Västra Götalands län,SE,0acea758-e5c9-412b-933a-8cd3c8e269f3,Volvo,9421 kr/mån,Lånebelopp: 479200 kr,Kontantinsats: 119800 kr
c346cc6e-2e58-4b0a-945b-5c13c62f417a,Volvo XC60 T6 Plus Dark Nordic Edition,T6 Plus Dark Nordic Edition. Från 9 421 kr/mån. Miltal: 2 106 mil. Årsmodell: 2026. Växellåda: Automat. Bränsle: Bensin. Reg.nr: WCG75U. Kontakta oss för mer information.,https://borasbil.se/bilar/volvo-xc60-wcg75u,Volvo,XC60,2026,21060,KM,SUV,Gasoline,Automatic,599000 SEK,599000 SEK,https://cdn.wayke.se/cfit/c141676d-6b58-4f34-ad27-2f072d8caf5e/2cc0918a-5569-48a2-b179-bdae58db607f?format=jpeg&r=0000000&w=800,"[""Exterior""]",new,NEW,in stock,WCG75U,Kinna Bil,Kinna,Västra Götalands län,SE,0acea758-e5c9-412b-933a-8cd3c8e269f3,Volvo,9421 kr/mån,Lånebelopp: 479200 kr,Kontantinsats: 119800 kr
c42acb48-93a9-4ad9-9054-35ff906f385c,Volvo XC60 T6 Plus Dark Nordic Edition,T6 Plus Dark Nordic Edition. Från 9 421 kr/mån. Miltal: 2 125 mil. Årsmodell: 2026. Växellåda: Automat. Bränsle: Bensin. Reg.nr: HGJ32D. Kontakta oss för mer information.,https://borasbil.se/bilar/volvo-xc60-hgj32d,Volvo,XC60,2026,21250,KM,SUV,Gasoline,Automatic,599000 SEK,599000 SEK,https://cdn.wayke.se/cfit/e20179cc-ff89-4dab-ba89-8aa4958f63ab/988ab148-7e13-432a-836a-1a8221daa9b9?format=jpeg&r=0000000&w=800,"[""Exterior""]",new,NEW,in stock,HGJ32D,Kinna Bil,Kinna,Västra Götalands län,SE,0acea758-e5c9-412b-933a-8cd3c8e269f3,Volvo,9421 kr/mån,Lånebelopp: 479200 kr,Kontantinsats: 119800 kr
159ad0f2-5fef-4b1d-bc60-de44c52b51fb,Volvo XC60 T6 Plus Dark Nordic Edition,T6 Plus Dark Nordic Edition. Från 9 421 kr/mån. Miltal: 1 913 mil. Årsmodell: 2026. Växellåda: Automat. Bränsle: Bensin. Reg.nr: WFW02J. Kontakta oss för mer information.,https://borasbil.se/bilar/volvo-xc60-wfw02j,Volvo,XC60,2026,19130,KM,SUV,Gasoline,Automatic,599000 SEK,599000 SEK,https://cdn.wayke.se/cfit/e3365760-43dc-4bc6-b228-253b9bfe02ba/9e662d97-de73-42c5-ac8b-778972387985?format=jpeg&r=0000000&w=800,"[""Exterior""]",new,NEW,in stock,WFW02J,Kinna Bil,Kinna,Västra Götalands län,SE,0acea758-e5c9-412b-933a-8cd3c8e269f3,Volvo,9421 kr/mån,Lånebelopp: 479200 kr,Kontantinsats: 119800 kr
52a92d22-1700-46de-80e4-6188bbc12c7c,Volvo XC60 T6 Plus Dark Nordic Edition,T6 Plus Dark Nordic Edition. Från 9 421 kr/mån. Miltal: 1 767 mil. Årsmodell: 2026. Växellåda: Automat. Bränsle: Bensin. Reg.nr: ZNM54Y. Kontakta oss för mer information.,https://borasbil.se/bilar/volvo-xc60-znm54y,Volvo,XC60,2026,17670,KM,SUV,Gasoline,Automatic,599000 SEK,599000 SEK,https://cdn.wayke.se/cfit/cb2d1433-72a5-452b-8788-cdbbe64875a1/76dec155-9460-485a-b782-b3e492e0eebe?format=jpeg&r=0000000&w=800,"[""Exterior""]",new,NEW,in stock,ZNM54Y,Kinna Bil,Kinna,Västra Götalands län,SE,0acea758-e5c9-412b-933a-8cd3c8e269f3,Volvo,9421 kr/mån,Lånebelopp: 479200 kr,Kontantinsats: 119800 kr
aec7116e-3b2e-420a-b85f-311afe2f836f,Volvo XC60 T6 Plus Dark Nordic Edition,T6 Plus Dark Nordic Edition. Från 9 421 kr/mån. Miltal: 1 788 mil. Årsmodell: 2026. Växellåda: Automat. Bränsle: Bensin. Reg.nr: JDK53P. Kontakta oss för mer information.,https://borasbil.se/bilar/volvo-xc60-jdk53p,Volvo,XC60,2026,17880,KM,SUV,Gasoline,Automatic,599000 SEK,599000 SEK,https://cdn.wayke.se/cfit/2d947d15-e4a6-44d8-b674-559f8f2aa90c/1dd1de7a-2b07-475d-8ea2-fa50808e59bb?format=jpeg&r=0000000&w=800,"[""Exterior""]",new,NEW,in stock,JDK53P,Kinna Bil,Kinna,Västra Götalands län,SE,0acea758-e5c9-412b-933a-8cd3c8e269f3,Volvo,9421 kr/mån,Lånebelopp: 479200 kr,Kontantinsats: 119800 kr
90fadab0-4023-425a-b05d-03df759cb433,Volvo XC60 T6 Plus Dark Nordic Edition,T6 Plus Dark Nordic Edition. Från 9 421 kr/mån. Miltal: 1 884 mil. Årsmodell: 2026. Växellåda: Automat. Bränsle: Bensin. Reg.nr: FXJ72W. Kontakta oss för mer information.,https://borasbil.se/bilar/volvo-xc60-fxj72w,Volvo,XC60,2026,18840,KM,SUV,Gasoline,Automatic,599000 SEK,599000 SEK,https://cdn.wayke.se/cfit/40ac30b8-0376-463a-8c3a-20a7535dace3/f8875179-f616-41d4-9cb0-891aac7a07d8?format=jpeg&r=0000000&w=800,"[""Exterior""]",new,NEW,in stock,FXJ72W,Kinna Bil,Kinna,Västra Götalands län,SE,0acea758-e5c9-412b-933a-8cd3c8e269f3,Volvo,9421 kr/mån,Lånebelopp: 479200 kr,Kontantinsats: 119800 kr
d145a206-0439-4be3-83a4-b31ab53032a4,Volvo XC60 T6 Plus Dark Nordic Edition,T6 Plus Dark Nordic Edition. Från 9 421 kr/mån. Miltal: 1 464 mil. Årsmodell: 2026. Växellåda: Automat. Bränsle: Bensin. Reg.nr: WXJ84T. Kontakta oss för mer information.,https://borasbil.se/bilar/volvo-xc60-wxj84t,Volvo,XC60,2026,14640,KM,SUV,Gasoline,Automatic,599000 SEK,599000 SEK,https://cdn.wayke.se/cfit/ca95c671-f153-416a-b5f5-7d530a41989c/4006c98d-85bd-4480-a5d7-cd4f71c447bd?format=jpeg&r=0000000&w=800,"[""Exterior""]",new,NEW,in stock,WXJ84T,Kinna Bil,Kinna,Västra Götalands län,SE,0acea758-e5c9-412b-933a-8cd3c8e269f3,Volvo,9421 kr/mån,Lånebelopp: 479200 kr,Kontantinsats: 119800 kr
06862717-56f8-4efd-99ab-907162c4e9c8,Volvo XC60 T6 Plus Dark Nordic Edition,T6 Plus Dark Nordic Edition. Från 9 421 kr/mån. Miltal: 1 634 mil. Årsmodell: 2026. Växellåda: Automat. Bränsle: Bensin. Reg.nr: RKJ93N. Kontakta oss för mer information.,https://borasbil.se/bilar/volvo-xc60-rkj93n,Volvo,XC60,2026,16340,KM,SUV,Gasoline,Automatic,599000 SEK,599000 SEK,https://cdn.wayke.se/cfit/b8f28c90-a16e-4b0d-afdf-5f52b4050df4/4d85f68b-cf1a-4003-8d8a-2a85bc616062?format=jpeg&r=0000000&w=800,"[""Exterior""]",new,NEW,in stock,RKJ93N,Kinna Bil,Kinna,Västra Götalands län,SE,0acea758-e5c9-412b-933a-8cd3c8e269f3,Volvo,9421 kr/mån,Lånebelopp: 479200 kr,Kontantinsats: 119800 kr
1c2d7e1a-0752-47ce-9619-1c672fbcdc1c,Volvo EX40 ExtendedRange Plus SE,ExtendedRange Plus SE. Från 8 021 kr/mån. Miltal: 1 614 mil. Årsmodell: 2026. Växellåda: Automat. Bränsle: El. Reg.nr: KEY10J. Kontakta oss för mer information.,https://borasbil.se/bilar/volvo-ex40-single-motor-extended-range-key10j,Volvo,EX40,2026,16140,KM,Sedan,Electric,Automatic,510000 SEK,510000 SEK,https://cdn.wayke.se/cfit/e76ac2f6-647f-4885-ad00-ee8136968759/6ae7db28-12c8-4fbc-8c33-78e44139a252?format=jpeg&r=0000000&w=800,"[""Exterior""]",new,NEW,in stock,KEY10J,Kinna Bil,Kinna,Västra Götalands län,SE,0acea758-e5c9-412b-933a-8cd3c8e269f3,Volvo,8021 kr/mån,Lånebelopp: 408000 kr,Kontantinsats: 102000 kr
e21dbbca-27ed-460c-bf9d-ae68d3c965e5,Volvo EX40 ExtendedRange Plus SE,ExtendedRange Plus SE. Från 8 021 kr/mån. Miltal: 1 817 mil. Årsmodell: 2026. Växellåda: Automat. Bränsle: El. Reg.nr: WRB09K. Kontakta oss för mer information.,https://borasbil.se/bilar/volvo-ex40-single-motor-extended-range-wrb09k,Volvo,EX40,2026,18170,KM,Sedan,Electric,Automatic,510000 SEK,510000 SEK,https://cdn.wayke.se/cfit/0176eb09-83ce-4e59-ba25-11b0d2023116/15878962-7c95-4bc5-b162-4afb372fd74c?format=jpeg&r=0000000&w=800,"[""Exterior""]",new,NEW,in stock,WRB09K,Kinna Bil,Kinna,Västra Götalands län,SE,0acea758-e5c9-412b-933a-8cd3c8e269f3,Volvo,8021 kr/mån,Lånebelopp: 408000 kr,Kontantinsats: 102000 kr
8c33e525-b76e-41f2-a2e3-67d028d1df19,Volvo XC60 T6 Plus Dark Nordic Edition,T6 Plus Dark Nordic Edition. Från 9 421 kr/mån. Miltal: 1 465 mil. Årsmodell: 2026. Växellåda: Automat. Bränsle: Bensin. Reg.nr: MHK85X. Kontakta oss för mer information.,https://borasbil.se/bilar/volvo-xc60-mhk85x,Volvo,XC60,2026,14650,KM,SUV,Gasoline,Automatic,599000 SEK,599000 SEK,https://cdn.wayke.se/cfit/3e7bbe8b-56fd-468b-a10c-032ed63eaa9d/12a9062e-3997-4184-9a67-de900d7c8201?format=jpeg&r=0000000&w=800,"[""Exterior""]",new,NEW,in stock,MHK85X,Kinna Bil,Kinna,Västra Götalands län,SE,0acea758-e5c9-412b-933a-8cd3c8e269f3,Volvo,9421 kr/mån,Lånebelopp: 479200 kr,Kontantinsats: 119800 kr
bb44eabe-b0c3-46f2-b586-b394f7621999,Volvo EX40 ExtendedRange Plus SE,ExtendedRange Plus SE. Från 8 021 kr/mån. Miltal: 1 103 mil. Årsmodell: 2026. Växellåda: Automat. Bränsle: El. Reg.nr: FXY35M. Kontakta oss för mer information.,https://borasbil.se/bilar/volvo-ex40-single-motor-extended-range-fxy35m,Volvo,EX40,2026,11030,KM,Sedan,Electric,Automatic,510000 SEK,510000 SEK,https://cdn.wayke.se/cfit/37628549-a082-432d-807c-88be598e7ec9/60dfa8e2-9713-46fb-afe9-e04055ddf347?format=jpeg&r=0000000&w=800,"[""Exterior""]",new,NEW,in stock,FXY35M,Kinna Bil,Kinna,Västra Götalands län,SE,0acea758-e5c9-412b-933a-8cd3c8e269f3,Volvo,8021 kr/mån,Lånebelopp: 408000 kr,Kontantinsats: 102000 kr
15168570-24f6-4c38-8f15-d65e78c707cb,Volvo EX40 ExtendedRange Plus SE,ExtendedRange Plus SE. Från 8 021 kr/mån. Miltal: 1 028 mil. Årsmodell: 2026. Växellåda: Automat. Bränsle: El. Reg.nr: KYZ09U. Kontakta oss för mer information.,https://borasbil.se/bilar/volvo-ex40-single-motor-extended-range-kyz09u,Volvo,EX40,2026,10280,KM,Sedan,Electric,Automatic,510000 SEK,510000 SEK,https://cdn.wayke.se/cfit/63ab7638-0780-445b-8055-f0b6115c6f7a/ed8fb71c-bc95-4317-bf16-cbb7b619cb3c?format=jpeg&r=0000000&w=800,"[""Exterior""]",new,NEW,in stock,KYZ09U,Kinna Bil,Kinna,Västra Götalands län,SE,0acea758-e5c9-412b-933a-8cd3c8e269f3,Volvo,8021 kr/mån,Lånebelopp: 408000 kr,Kontantinsats: 102000 kr
826693e1-2f90-416e-9872-c28afbcf2a4e,Volvo XC60 T6 Plus Dark Nordic Edition,T6 Plus Dark Nordic Edition. Från 9 421 kr/mån. Miltal: 1 675 mil. Årsmodell: 2026. Växellåda: Automat. Bränsle: Bensin. Reg.nr: GJB07Z. Kontakta oss för mer information.,https://borasbil.se/bilar/volvo-xc60-gjb07z,Volvo,XC60,2026,16750,KM,SUV,Gasoline,Automatic,599000 SEK,599000 SEK,https://cdn.wayke.se/cfit/35568590-4172-4afe-870a-f674788d95db/0dfc1554-4554-4cf9-b408-db8da74340b2?format=jpeg&r=0000000&w=800,"[""Exterior""]",new,NEW,in stock,GJB07Z,Kinna Bil,Kinna,Västra Götalands län,SE,0acea758-e5c9-412b-933a-8cd3c8e269f3,Volvo,9421 kr/mån,Lånebelopp: 479200 kr,Kontantinsats: 119800 kr
cd4ed972-58a6-4285-9748-25e1505204d7,Volvo XC60 T6 Plus Dark Nordic Edition,T6 Plus Dark Nordic Edition. Från 9 421 kr/mån. Miltal: 1 395 mil. Årsmodell: 2026. Växellåda: Automat. Bränsle: Bensin. Reg.nr: MCY85S. Kontakta oss för mer information.,https://borasbil.se/bilar/volvo-xc60-mcy85s,Volvo,XC60,2026,13950,KM,SUV,Gasoline,Automatic,599000 SEK,599000 SEK,https://cdn.wayke.se/cfit/44ec2cdb-ce4f-4c81-956d-8ac9cb3aae33/933d2132-473c-433c-a920-3c267d9e7e98?format=jpeg&r=0000000&w=800,"[""Exterior""]",new,NEW,in stock,MCY85S,Kinna Bil,Kinna,Västra Götalands län,SE,0acea758-e5c9-412b-933a-8cd3c8e269f3,Volvo,9421 kr/mån,Lånebelopp: 479200 kr,Kontantinsats: 119800 kr
9ee05888-b0e4-4d71-9d87-4b64d7de2613,Volvo XC60 T6 Plus Dark Nordic Edition,T6 Plus Dark Nordic Edition. Från 9 421 kr/mån. Miltal: 1 339 mil. Årsmodell: 2026. Växellåda: Automat. Bränsle: Bensin. Reg.nr: EEJ09D. Kontakta oss för mer information.,https://borasbil.se/bilar/volvo-xc60-eej09d,Volvo,XC60,2026,13390,KM,SUV,Gasoline,Automatic,599000 SEK,599000 SEK,https://cdn.wayke.se/cfit/946c86a5-b910-4a44-9ce0-e04a52d6e424/e3762d5b-052b-46af-bb3e-02da9a64ffeb?format=jpeg&r=0000000&w=800,"[""Exterior""]",new,NEW,in stock,EEJ09D,Bogesunds Bil Ulricehamn,Ulricehamn,Västra Götalands län,SE,c2d1288f-1959-4cbe-afd2-9e60608c9a6b,Volvo,9421 kr/mån,Lånebelopp: 479200 kr,Kontantinsats: 119800 kr
f27648d9-c393-4d07-8b84-507d0049191e,Lynk & Co 01,Från 4 860 kr/mån. Miltal: 4 275 mil. Årsmodell: 2024. Växellåda: Automat. Bränsle: Laddhybrid. Reg.nr: CRP23C. Kontakta oss för mer information.,https://borasbil.se/bilar/lynk-co-01-phev-crp23c,Lynk & Co,01,2024,42750,KM,Sedan,Plug-in Hybrid,Automatic,309000 SEK,309000 SEK,https://cdn.wayke.se/cfit/9b85aeb2-9007-49c5-b337-81c8c8d49768/5d05f1e6-e3a5-421c-a0c1-91365cd81db3?format=jpeg&r=0000000&w=800,"[""Exterior""]",used,USED,in stock,CRP23C,Borås Bil,Borås,Västra Götalands län,SE,56b1373f-95bd-4e74-9030-15708ada078d,Lynk & Co,4860 kr/mån,Lånebelopp: 247200 kr,Kontantinsats: 61800 kr
d0c8c05a-a4e6-44f9-bc75-614de48d2517,Volvo V60 T6 Plus Dark Nordic Edition,T6 Plus Dark Nordic Edition. Från 8 006 kr/mån. Miltal: 1 891 mil. Årsmodell: 2026. Växellåda: Automat. Bränsle: Bensin. Reg.nr: DDK14C. Kontakta oss för mer information.,https://borasbil.se/bilar/volvo-v60-ddk14c,Volvo,V60,2026,18910,KM,Wagon,Gasoline,Automatic,509000 SEK,509000 SEK,https://cdn.wayke.se/cfit/b4b5b372-6f48-4a62-ba4f-9c2a875b9aab/576defab-7b72-49cc-865d-a074c1ae73d5?format=jpeg&r=0000000&w=800,"[""Exterior""]",new,NEW,in stock,DDK14C,Borås Bil,Borås,Västra Götalands län,SE,56b1373f-95bd-4e74-9030-15708ada078d,Volvo,8006 kr/mån,Lånebelopp: 407200 kr,Kontantinsats: 101800 kr
fbee047b-bda7-45b7-a6b8-84eec80bd171,Volvo V90 T6 Plus Dark Nordic Edition,T6 Plus Dark Nordic Edition. Från 8 477 kr/mån. Miltal: 2 055 mil. Årsmodell: 2026. Växellåda: Automat. Bränsle: Bensin. Reg.nr: SDE05U. Kontakta oss för mer information.,https://borasbil.se/bilar/volvo-v90-sde05u,Volvo,V90,2026,20550,KM,Wagon,Gasoline,Automatic,539000 SEK,539000 SEK,https://cdn.wayke.se/cfit/c13a5b52-8c79-437d-9c08-477a4dd933cf/7459c57e-686b-4cf2-9470-43a480cc751d?format=jpeg&r=0000000&w=800,"[""Exterior""]",new,NEW,in stock,SDE05U,Borås Bil,Borås,Västra Götalands län,SE,56b1373f-95bd-4e74-9030-15708ada078d,Volvo,8477 kr/mån,Lånebelopp: 431200 kr,Kontantinsats: 107800 kr
16bd247c-9c8e-439e-9cab-8db49cc3a0e2,Peugeot Expert Skåp Plus L3 75kWh,Skåp Plus L3 75kWh. Från 7 062 kr/mån. Miltal: 97 mil. Årsmodell: 2024. Växellåda: Automat. Bränsle: El. Reg.nr: RBC38W. Kontakta oss för mer information.,https://borasbil.se/bilar/peugeot-e-expert-rbc38w,Peugeot,Expert,2024,970,KM,Sedan,Electric,Automatic,449000 SEK,449000 SEK,https://cdn.wayke.se/cfit/cc29c96d-bf53-40a0-a017-fcee6b735aa2/2e356c8d-d31f-4f89-8c19-e4bca1217368?format=jpeg&r=0000000&w=800,"[""Exterior""]",used,USED,in stock,RBC38W,Borås Bil,Borås,Västra Götalands län,SE,56b1373f-95bd-4e74-9030-15708ada078d,Peugeot,7062 kr/mån,Lånebelopp: 359200 kr,Kontantinsats: 89800 kr
898b5223-fe43-44d1-987a-ebdc51109797,Volvo XC60 Recharge T6 Plus Dark,Recharge T6 Plus Dark. Från 7 062 kr/mån. Miltal: 9 952 mil. Årsmodell: 2023. Växellåda: Automat. Bränsle: Bensin+El. Reg.nr: WSS20X. Kontakta oss för mer information.,https://borasbil.se/bilar/volvo-xc60-wss20x,Volvo,XC60,2023,99520,KM,SUV,Bensin+El,Automatic,449000 SEK,449000 SEK,https://cdn.wayke.se/cfit/53a691db-81c5-4ba8-add8-3d41a010a732/72ee6ea8-3d9a-4366-bd21-d028b21cc073?format=jpeg&r=0000000&w=800,"[""Exterior""]",used,USED,in stock,WSS20X,Bogesunds Bil Ulricehamn,Ulricehamn,Västra Götalands län,SE,c2d1288f-1959-4cbe-afd2-9e60608c9a6b,Volvo,7062 kr/mån,Lånebelopp: 359200 kr,Kontantinsats: 89800 kr
225a5fde-0228-42fd-8d31-e1fcdf1cd74d,Volvo V90 B4 AWD Diesel Adv Edt,B4 AWD Diesel Adv Edt. Från 6 118 kr/mån. Miltal: 11 411 mil. Årsmodell: 2022. Växellåda: Automat. Bränsle: Diesel. Reg.nr: YSS30L. Kontakta oss för mer information.,https://borasbil.se/bilar/volvo-v90-cross-country-yss30l,Volvo,V90,2022,114110,KM,Wagon,Diesel,Automatic,389000 SEK,389000 SEK,https://cdn.wayke.se/cfit/a0ecb661-64b4-4ea3-8c13-19ffdc33d692/460e82aa-ab7d-4f1a-a93a-6d2ca995e5a0?format=jpeg&r=0000000&w=800,"[""Exterior""]",used,USED,in stock,YSS30L,Bogesunds Bil Ulricehamn,Ulricehamn,Västra Götalands län,SE,c2d1288f-1959-4cbe-afd2-9e60608c9a6b,Volvo,6118 kr/mån,Lånebelopp: 311200 kr,Kontantinsats: 77800 kr
b18fe2c5-12be-4fc6-89e4-352a081d3d24,Volvo EX40 Single Motor ExtendedRange Plus SE,Single Motor ExtendedRange Plus SE. Från 8 635 kr/mån. Miltal: 1 mil. Årsmodell: 2026. Växellåda: Automat. Bränsle: El. Reg.nr: XUK60L. Kontakta oss för mer information.,https://borasbil.se/bilar/volvo-volvo-ex40-xuk60l,Volvo,EX40,2026,10,KM,Sedan,Electric,Automatic,549000 SEK,549000 SEK,https://cdn.wayke.se/cfit/27f1e462-8ec8-4e6d-8112-02489985f8c0/90517e0f-3a94-4f7b-aae2-e37fcba60b06?format=jpeg&r=0000000&w=800,"[""Exterior""]",new,NEW,in stock,XUK60L,Bogesunds Bil Ulricehamn,Ulricehamn,Västra Götalands län,SE,c2d1288f-1959-4cbe-afd2-9e60608c9a6b,Volvo,8635 kr/mån,Lånebelopp: 439200 kr,Kontantinsats: 109800 kr
6eb284fd-694a-4c9d-93a4-d1cc57d599d9,Volvo XC40 Ultimate,Ultimate. Från 5 646 kr/mån. Miltal: 6 457 mil. Årsmodell: 2023. Växellåda: Automat. Bränsle: El. Reg.nr: SXO381. Kontakta oss för mer information.,https://borasbil.se/bilar/volvo-xc40-recharge-single-motor-sxo381,Volvo,XC40,2023,64570,KM,SUV,Electric,Automatic,359000 SEK,359000 SEK,https://cdn.wayke.se/cfit/1b702404-4af0-4ab5-a1ef-385437482e2e/48abe48b-a713-483a-a3a6-c71c82c54c23?format=jpeg&r=0000000&w=800,"[""Exterior""]",used,USED,in stock,SXO381,Kinna Bil,Kinna,Västra Götalands län,SE,0acea758-e5c9-412b-933a-8cd3c8e269f3,Volvo,5646 kr/mån,Lånebelopp: 287200 kr,Kontantinsats: 71800 kr
b790f276-9b40-4035-9c1b-b5e1a78f9664,Volvo V60 T6 TE Momentum Advanced Edition,T6 TE Momentum Advanced Edition. Från 4 545 kr/mån. Miltal: 12 026 mil. Årsmodell: 2020. Växellåda: Automat. Bränsle: Bensin. Reg.nr: HXD98T. Kontakta oss för mer information.,https://borasbil.se/bilar/volvo-v60-hxd98t,Volvo,V60,2020,120260,KM,Wagon,Gasoline,Automatic,289000 SEK,289000 SEK,https://cdn.wayke.se/cfit/0c38fee5-b8b9-4410-8d7c-9e65ab6baf17/cd7511f2-d1c6-4178-9268-e91cf144d865?format=jpeg&r=0000000&w=800,"[""Exterior""]",used,USED,in stock,HXD98T,Kinna Bil,Kinna,Västra Götalands län,SE,0acea758-e5c9-412b-933a-8cd3c8e269f3,Volvo,4545 kr/mån,Lånebelopp: 231200 kr,Kontantinsats: 57800 kr
146d7a9e-0db3-4bad-8686-b30078179c3c,Volvo S90 Recharge T8 Ultimate Bright,Recharge T8 Ultimate Bright. Från 7 376 kr/mån. Miltal: 2 229 mil. Årsmodell: 2023. Växellåda: Automat. Bränsle: Bensin. Reg.nr: HUF67D. Kontakta oss för mer information.,https://borasbil.se/bilar/volvo-s90-huf67d,Volvo,S90,2023,22290,KM,Sedan,Gasoline,Automatic,469000 SEK,469000 SEK,https://cdn.wayke.se/cfit/72c95f23-f9b1-49ba-bef7-675ab440e4cb/e8e4728f-25d1-4526-8512-52a079d099a7?format=jpeg&r=0000000&w=800,"[""Exterior""]",used,USED,in stock,HUF67D,Kinna Bil,Kinna,Västra Götalands län,SE,0acea758-e5c9-412b-933a-8cd3c8e269f3,Volvo,7376 kr/mån,Lånebelopp: 375200 kr,Kontantinsats: 93800 kr
05098152-921d-48cf-acc2-20160c6ee3ce,Volvo XC60 Recharge T6 Core Edition - Drag!,Recharge T6 Core Edition - Drag!. Från 6 590 kr/mån. Miltal: 8 514 mil. Årsmodell: 2023. Växellåda: Automat. Bränsle: Bensin. Reg.nr: EGF98E. Kontakta oss för mer information.,https://borasbil.se/bilar/volvo-xc60-egf98e,Volvo,XC60,2023,85140,KM,SUV,Gasoline,Automatic,419000 SEK,419000 SEK,https://cdn.wayke.se/cfit/daaea82c-5729-4e39-8f76-7932e468626e/01a2480a-5b2c-48bf-9d3e-9999423e7867?format=jpeg&r=0000000&w=800,"[""Exterior""]",used,USED,in stock,EGF98E,Kinna Bil,Kinna,Västra Götalands län,SE,0acea758-e5c9-412b-933a-8cd3c8e269f3,Volvo,6590 kr/mån,Lånebelopp: 335200 kr,Kontantinsats: 83800 kr
a9f865be-e10a-4d59-919f-c79180ea12b5,Volvo XC90 T8 Ultra Dark,T8 Ultra Dark. Från 13 196 kr/mån. Miltal: 1 462 mil. Årsmodell: 2026. Växellåda: Automat. Bränsle: Bensin. Reg.nr: ZDE54A. Kontakta oss för mer information.,https://borasbil.se/bilar/volvo-xc90-zde54a,Volvo,XC90,2026,14620,KM,SUV,Gasoline,Automatic,839000 SEK,839000 SEK,https://cdn.wayke.se/cfit/6ee33ff4-0c11-4f26-af9c-47e939d1f4c4/70370818-5999-4a7b-9ad3-db910095ad6a?format=jpeg&r=0000000&w=800,"[""Exterior""]",new,NEW,in stock,ZDE54A,Borås Bil,Borås,Västra Götalands län,SE,56b1373f-95bd-4e74-9030-15708ada078d,Volvo,13196 kr/mån,Lånebelopp: 671200 kr,Kontantinsats: 167800 kr
1921f9ce-b41b-4f72-b583-0b792a6b5711,Volvo XC90 T8 Ultra Black Edition,T8 Ultra Black Edition. Från 14 769 kr/mån. Miltal: 1 mil. Årsmodell: 2026. Växellåda: Automat. Bränsle: Bensin. Reg.nr: TLY51Y. Kontakta oss för mer information.,https://borasbil.se/bilar/volvo-xc90-tly51y,Volvo,XC90,2026,10,KM,SUV,Gasoline,Automatic,939000 SEK,939000 SEK,https://cdn.wayke.se/cfit/e1d34e3b-385b-4eee-8569-a3bb6c23cb08/cd539975-2ef7-4b7d-972f-e9fcd3a49f64?format=jpeg&r=0000000&w=800,"[""Exterior""]",new,NEW,in stock,TLY51Y,Bogesunds Bil Ulricehamn,Ulricehamn,Västra Götalands län,SE,c2d1288f-1959-4cbe-afd2-9e60608c9a6b,Volvo,14769 kr/mån,Lånebelopp: 751200 kr,Kontantinsats: 187800 kr
820f601a-07e7-449a-8cce-a7142791dce3,Peugeot 208 GT Electric 5-d,GT Electric 5-d. Från 3 287 kr/mån. Miltal: 2 779 mil. Årsmodell: 2022. Växellåda: Automat. Bränsle: El. Reg.nr: WAF28M. Kontakta oss för mer information.,https://borasbil.se/bilar/peugeot-e-208-waf28m,Peugeot,208,2022,27790,KM,Sedan,Electric,Automatic,209000 SEK,209000 SEK,https://cdn.wayke.se/cfit/9e340fc9-d937-45cc-8219-aa9c0c3d48ef/da55bddf-3d99-47ef-a39e-8fe490223166?format=jpeg&r=0000000&w=800,"[""Exterior""]",used,USED,in stock,WAF28M,Borås Bil,Borås,Västra Götalands län,SE,56b1373f-95bd-4e74-9030-15708ada078d,Peugeot,3287 kr/mån,Lånebelopp: 167200 kr,Kontantinsats: 41800 kr
1021c632-9cef-40d4-9ace-650acf3eecbc,Volvo C40 Plus,Plus. Från 5 646 kr/mån. Miltal: 6 688 mil. Årsmodell: 2023. Växellåda: Automat. Bränsle: El. Reg.nr: OHU50W. Kontakta oss för mer information.,https://borasbil.se/bilar/volvo-c40-recharge-twin-motor-ohu50w,Volvo,C40,2023,66880,KM,Sedan,Electric,Automatic,359000 SEK,359000 SEK,https://cdn.wayke.se/cfit/b77e49c9-e6dd-4303-9fd4-9efad7707b8c/94cb65da-3c0d-4a21-b7b3-0f9f3eee80b7?format=jpeg&r=0000000&w=800,"[""Exterior""]",used,USED,in stock,OHU50W,Kinna Bil,Kinna,Västra Götalands län,SE,0acea758-e5c9-412b-933a-8cd3c8e269f3,Volvo,5646 kr/mån,Lånebelopp: 287200 kr,Kontantinsats: 71800 kr
3a77a695-ecd3-416f-a88f-57f76fbbfea6,Volvo XC40 Core Edition,Core Edition. Från 4 231 kr/mån. Miltal: 9 627 mil. Årsmodell: 2023. Växellåda: Automat. Bränsle: El. Reg.nr: RBA470. Kontakta oss för mer information.,https://borasbil.se/bilar/volvo-xc40-recharge-single-motor-rba470,Volvo,XC40,2023,96270,KM,SUV,Electric,Automatic,269000 SEK,269000 SEK,https://cdn.wayke.se/cfit/2698e058-f222-47b9-a0f3-57328d534783/446baca2-33c9-4a1f-84d7-00c47e2e8253?format=jpeg&r=0000000&w=800,"[""Exterior""]",used,USED,in stock,RBA470,Borås Bil,Borås,Västra Götalands län,SE,56b1373f-95bd-4e74-9030-15708ada078d,Volvo,4231 kr/mån,Lånebelopp: 215200 kr,Kontantinsats: 53800 kr
34ace463-fb33-4b56-b32e-c844f481f197,Volvo XC40 B3 FWD Bensin Plus Dark,B3 FWD Bensin Plus Dark. Från 7 156 kr/mån. Årsmodell: 2026. Växellåda: Automat. Bränsle: Bensin. Reg.nr: TTC88Y. Kontakta oss för mer information.,https://borasbil.se/bilar/volvo-xc40-ttc88y,Volvo,XC40,2026,1,KM,SUV,Gasoline,Automatic,455000 SEK,455000 SEK,https://cdn.wayke.se/cfit/bf100240-b694-4464-8401-baf66c3401f1/3fe1bc02-3caf-449a-8d95-b0974adad1d5?format=jpeg&r=0000000&w=800,"[""Exterior""]",new,NEW,in stock,TTC88Y,Bogesunds Bil Ulricehamn,Ulricehamn,Västra Götalands län,SE,c2d1288f-1959-4cbe-afd2-9e60608c9a6b,Volvo,7156 kr/mån,Lånebelopp: 364000 kr,Kontantinsats: 91000 kr
9d215553-ff0d-4e1c-a4e6-88bd54c51aef,Volvo V60 T6 Plus Dark Nordic Edition,T6 Plus Dark Nordic Edition. Från 9 106 kr/mån. Miltal: 1 mil. Årsmodell: 2026. Växellåda: Automat. Bränsle: Bensin. Reg.nr: NWG93B. Kontakta oss för mer information.,https://borasbil.se/bilar/volvo-v60-nwg93b,Volvo,V60,2026,10,KM,Wagon,Gasoline,Automatic,579000 SEK,579000 SEK,https://cdn.wayke.se/cfit/7cba832e-eec9-41ae-a17c-1ff00d5d6677/b0f28b5e-5b16-47c8-b52c-700be6b2581d?format=jpeg&r=0000000&w=800,"[""Exterior""]",new,NEW,in stock,NWG93B,Borås Bil,Borås,Västra Götalands län,SE,56b1373f-95bd-4e74-9030-15708ada078d,Volvo,9106 kr/mån,Lånebelopp: 463200 kr,Kontantinsats: 115800 kr
17fff43f-11f5-4ffd-b7ed-864df5ac9424,Volvo XC60 T6 Plus Dark Nordic Edition,T6 Plus Dark Nordic Edition. Från 10 365 kr/mån. Miltal: 50 mil. Årsmodell: 2026. Växellåda: Automat. Bränsle: Bensin. Reg.nr: OGP60Z. Kontakta oss för mer information.,https://borasbil.se/bilar/volvo-xc60-ogp60z,Volvo,XC60,2026,500,KM,SUV,Gasoline,Automatic,659000 SEK,659000 SEK,https://cdn.wayke.se/cfit/19da4b81-48d4-4c64-b4b7-8b3b9a192dc9/ba6bf349-4fd7-4f8c-9b87-2362fe7e0c72?format=jpeg&r=0000000&w=800,"[""Exterior""]",new,NEW,in stock,OGP60Z,Borås Bil,Borås,Västra Götalands län,SE,56b1373f-95bd-4e74-9030-15708ada078d,Volvo,10365 kr/mån,Lånebelopp: 527200 kr,Kontantinsats: 131800 kr
3ebee30f-d289-49dd-9305-9514e702d91d,Polestar 2 78kWh Perf Plus,78kWh Perf Plus. Från 6 590 kr/mån. Miltal: 4 437 mil. Årsmodell: 2023. Växellåda: Automat. Bränsle: El. Reg.nr: MUG92G. Kontakta oss för mer information.,https://borasbil.se/bilar/polestar-2-long-range-dual-motor-performance-mug92g,Polestar,2,2023,44370,KM,Sedan,Electric,Automatic,419000 SEK,419000 SEK,https://cdn.wayke.se/cfit/6e5f20a8-04cf-4eaf-8a56-e54f2f362ca7/61976158-5060-4639-b6c0-9e196b7d95a6?format=jpeg&r=0000000&w=800,"[""Exterior""]",used,USED,in stock,MUG92G,Bogesunds Bil Ulricehamn,Ulricehamn,Västra Götalands län,SE,c2d1288f-1959-4cbe-afd2-9e60608c9a6b,Polestar,6590 kr/mån,Lånebelopp: 335200 kr,Kontantinsats: 83800 kr
b3185a7c-c6bc-44de-b1b2-29dbe32972ec,Volvo XC40 Ultimate,Ultimate. Från 4 860 kr/mån. Miltal: 10 106 mil. Årsmodell: 2023. Växellåda: Automat. Bränsle: El. Reg.nr: RWY39J. Kontakta oss för mer information.,https://borasbil.se/bilar/volvo-xc40-recharge-single-motor-rwy39j,Volvo,XC40,2023,101060,KM,SUV,Electric,Automatic,309000 SEK,309000 SEK,https://cdn.wayke.se/cfit/bda520a5-e167-41ec-889a-beea9f23f96d/6aa64a50-f543-4480-9c4e-4c71b4d184f3?format=jpeg&r=0000000&w=800,"[""Exterior""]",used,USED,in stock,RWY39J,Bogesunds Bil Ulricehamn,Ulricehamn,Västra Götalands län,SE,c2d1288f-1959-4cbe-afd2-9e60608c9a6b,Volvo,4860 kr/mån,Lånebelopp: 247200 kr,Kontantinsats: 61800 kr
64cfb21e-fba4-46c5-b0af-838d3476e7a9,Volvo XC60 Recharge T6 Core Edition,Recharge T6 Core Edition. Från 6 747 kr/mån. Miltal: 6 637 mil. Årsmodell: 2023. Växellåda: Automat. Bränsle: Bensin. Reg.nr: HPJ20J. Kontakta oss för mer information.,https://borasbil.se/bilar/volvo-xc60-hpj20j,Volvo,XC60,2023,66370,KM,SUV,Gasoline,Automatic,429000 SEK,429000 SEK,https://cdn.wayke.se/cfit/e39e2285-b185-440a-a237-b7d18183b07c/99ba9d6b-9e76-4254-a771-705e9c890d32?format=jpeg&r=0000000&w=800,"[""Exterior""]",used,USED,in stock,HPJ20J,Kinna Bil,Kinna,Västra Götalands län,SE,0acea758-e5c9-412b-933a-8cd3c8e269f3,Volvo,6747 kr/mån,Lånebelopp: 343200 kr,Kontantinsats: 85800 kr
9de7a617-f587-4263-a00d-4ccfc42bbf80,Volvo XC60 T6 Plus Black Nordic Edition,T6 Plus Black Nordic Edition. Från 10 140 kr/mån. Årsmodell: 2026. Växellåda: Automat. Bränsle: Bensin. Reg.nr: FDG52R. Kontakta oss för mer information.,https://borasbil.se/bilar/volvo-xc60-fdg52r,Volvo,XC60,2026,1,KM,SUV,Gasoline,Automatic,644700 SEK,644700 SEK,https://cdn.wayke.se/cfit/2ddc5f9d-4c5e-48b5-9c8d-fee622531f00/08efb004-6e9e-4f8d-9c5e-49ad7a3fac7e?format=jpeg&r=0000000&w=800,"[""Exterior""]",new,NEW,in stock,FDG52R,Kinna Bil,Kinna,Västra Götalands län,SE,0acea758-e5c9-412b-933a-8cd3c8e269f3,Volvo,10140 kr/mån,Lånebelopp: 515760 kr,Kontantinsats: 128940 kr
9d7f5bea-8929-4c26-aa37-4d90e801a442,Volvo V60 T6 Plus Dark Nordic Edition,T6 Plus Dark Nordic Edition. Från 9 224 kr/mån. Årsmodell: 2026. Växellåda: Automat. Bränsle: Bensin. Reg.nr: FNU72N. Kontakta oss för mer information.,https://borasbil.se/bilar/volvo-v60-fnu72n,Volvo,V60,2026,1,KM,Wagon,Gasoline,Automatic,586500 SEK,586500 SEK,https://cdn.wayke.se/cfit/3411bb7a-f872-4045-8c69-c35634bdee2b/a9b68cb4-1fb8-412f-9d73-d25496e99b0d?format=jpeg&r=0000000&w=800,"[""Exterior""]",new,NEW,in stock,FNU72N,Kinna Bil,Kinna,Västra Götalands län,SE,0acea758-e5c9-412b-933a-8cd3c8e269f3,Volvo,9224 kr/mån,Lånebelopp: 469200 kr,Kontantinsats: 117300 kr
86d3d917-43cb-40db-8f93-eaaa9514ab8e,Volvo XC40 B3 FWD Bensin Plus Dark,B3 FWD Bensin Plus Dark. Från 7 156 kr/mån. Årsmodell: 2026. Växellåda: Automat. Bränsle: Bensin. Reg.nr: ZML717. Kontakta oss för mer information.,https://borasbil.se/bilar/volvo-xc40-zml717,Volvo,XC40,2026,1,KM,SUV,Gasoline,Automatic,455000 SEK,455000 SEK,https://cdn.wayke.se/cfit/225f877b-b87e-44ab-a00d-5d6e134e7805/f9ba8983-776e-424a-b095-b969aa3e21ee?format=jpeg&r=0000000&w=800,"[""Exterior""]",new,NEW,in stock,ZML717,Kinna Bil,Kinna,Västra Götalands län,SE,0acea758-e5c9-412b-933a-8cd3c8e269f3,Volvo,7156 kr/mån,Lånebelopp: 364000 kr,Kontantinsats: 91000 kr
ee3ec240-85a1-4206-8f98-fc286a396e34,Volvo XC60 Recharge T6 Core Edition - Drag!,Recharge T6 Core Edition - Drag!. Från 6 275 kr/mån. Miltal: 9 319 mil. Årsmodell: 2023. Växellåda: Automat. Bränsle: Bensin. Reg.nr: EFJ00N. Kontakta oss för mer information.,https://borasbil.se/bilar/volvo-xc60-efj00n,Volvo,XC60,2023,93190,KM,SUV,Gasoline,Automatic,399000 SEK,399000 SEK,https://cdn.wayke.se/cfit/a6300f1a-6e18-47d1-99dd-18a7e828cf5a/606ba650-53d1-4311-9d3a-c930ddf8374f?format=jpeg&r=0000000&w=800,"[""Exterior""]",used,USED,in stock,EFJ00N,Kinna Bil,Kinna,Västra Götalands län,SE,0acea758-e5c9-412b-933a-8cd3c8e269f3,Volvo,6275 kr/mån,Lånebelopp: 319200 kr,Kontantinsats: 79800 kr
5935a7b9-2789-41d2-a8b9-d1b2a41c9729,Lynk & Co 08,Från 8 949 kr/mån. Miltal: 100 mil. Årsmodell: 2025. Växellåda: Automat. Bränsle: Bensin. Reg.nr: DBW97J. Kontakta oss för mer information.,https://borasbil.se/bilar/lynk-co-08-phev-dbw97j,Lynk & Co,08,2025,1000,KM,Sedan,Gasoline,Automatic,569000 SEK,569000 SEK,https://cdn.wayke.se/cfit/1227782d-867b-4f9a-afbd-813c22bd5f13/55aac48d-4f15-4f24-b86a-b89457f4aa9b?format=jpeg&r=0000000&w=800,"[""Exterior""]",used,USED,in stock,DBW97J,Borås Bil,Borås,Västra Götalands län,SE,56b1373f-95bd-4e74-9030-15708ada078d,Lynk & Co,8949 kr/mån,Lånebelopp: 455200 kr,Kontantinsats: 113800 kr
95dc26b1-b839-4d4e-b94c-a1b7378787b9,Volvo C40 Plus - Klimatpaket!,Plus - Klimatpaket!. Från 5 175 kr/mån. Miltal: 5 060 mil. Årsmodell: 2023. Växellåda: Automat. Bränsle: El. Reg.nr: CNU39N. Kontakta oss för mer information.,https://borasbil.se/bilar/volvo-c40-recharge-single-motor-cnu39n,Volvo,C40,2023,50600,KM,Sedan,Electric,Automatic,329000 SEK,329000 SEK,https://cdn.wayke.se/cfit/66f57ba9-8541-4e30-b6ec-b8db580b810c/6dcdbfab-ffca-4b6a-9ec1-7f984b44f204?format=jpeg&r=0000000&w=800,"[""Exterior""]",used,USED,in stock,CNU39N,Kinna Bil,Kinna,Västra Götalands län,SE,0acea758-e5c9-412b-933a-8cd3c8e269f3,Volvo,5175 kr/mån,Lånebelopp: 263200 kr,Kontantinsats: 65800 kr
734b7fff-087d-45f9-8ac5-5ba8ad14f4ef,Volvo V60 T6 Plus Dark Nordic Edition,T6 Plus Dark Nordic Edition. Från 8 006 kr/mån. Miltal: 1 473 mil. Årsmodell: 2026. Växellåda: Automat. Bränsle: Bensin. Reg.nr: XHM61L. Kontakta oss för mer information.,https://borasbil.se/bilar/volvo-v60-xhm61l,Volvo,V60,2026,14730,KM,Wagon,Gasoline,Automatic,509000 SEK,509000 SEK,https://cdn.wayke.se/cfit/872406bf-ac69-4930-b619-36451aa6ab37/6549fef0-d9e8-4a45-b1bb-0ddce2dcf1aa?format=jpeg&r=0000000&w=800,"[""Exterior""]",new,NEW,in stock,XHM61L,Bogesunds Bil Ulricehamn,Ulricehamn,Västra Götalands län,SE,c2d1288f-1959-4cbe-afd2-9e60608c9a6b,Volvo,8006 kr/mån,Lånebelopp: 407200 kr,Kontantinsats: 101800 kr
465213ce-155f-43fe-949b-ea9b211bc52c,Volvo XC60 Recharge T6 Core Edition - Pilot Assist,Recharge T6 Core Edition - Pilot Assist. Från 7 376 kr/mån. Miltal: 6 151 mil. Årsmodell: 2024. Växellåda: Automat. Bränsle: Bensin. Reg.nr: BRW00Z. Kontakta oss för mer information.,https://borasbil.se/bilar/volvo-xc60-brw00z,Volvo,XC60,2024,61510,KM,SUV,Gasoline,Automatic,469000 SEK,469000 SEK,https://cdn.wayke.se/cfit/969f46bb-5ab9-41d3-bba5-feabbab67684/ce3916ac-d523-4367-ad38-e7a1a6c3b7c0?format=jpeg&r=0000000&w=800,"[""Exterior""]",used,USED,in stock,BRW00Z,Kinna Bil,Kinna,Västra Götalands län,SE,0acea758-e5c9-412b-933a-8cd3c8e269f3,Volvo,7376 kr/mån,Lånebelopp: 375200 kr,Kontantinsats: 93800 kr
dea0610d-004c-457b-a3e4-c8b0ea707627,Volvo XC60 T6 Ultra Black Edition,T6 Ultra Black Edition. Från 11 308 kr/mån. Miltal: 1 317 mil. Årsmodell: 2026. Växellåda: Automat. Bränsle: Bensin. Reg.nr: JHP05F. Kontakta oss för mer information.,https://borasbil.se/bilar/volvo-xc60-jhp05f,Volvo,XC60,2026,13170,KM,SUV,Gasoline,Automatic,719000 SEK,719000 SEK,https://cdn.wayke.se/cfit/26a0aa49-a72f-4cd6-bf6d-9f3e633bdc95/43c849e9-81a9-4bf7-8392-d6888ec03779?format=jpeg&r=0000000&w=800,"[""Exterior""]",new,NEW,in stock,JHP05F,Borås Bil,Borås,Västra Götalands län,SE,56b1373f-95bd-4e74-9030-15708ada078d,Volvo,11308 kr/mån,Lånebelopp: 575200 kr,Kontantinsats: 143800 kr
5ca34fa9-64b9-4d91-9c8d-bb6e1816e21f,Volvo XC60 Recharge T6 Core Edition,Recharge T6 Core Edition. Från 7 062 kr/mån. Miltal: 5 253 mil. Årsmodell: 2023. Växellåda: Automat. Bränsle: Bensin. Reg.nr: TRA04J. Kontakta oss för mer information.,https://borasbil.se/bilar/volvo-xc60-tra04j,Volvo,XC60,2023,52530,KM,SUV,Gasoline,Automatic,449000 SEK,449000 SEK,https://cdn.wayke.se/cfit/e6479f98-484b-4535-b3f9-d22a8a257549/89df855e-10f4-452b-911e-263fe581607f?format=jpeg&r=0000000&w=800,"[""Exterior""]",used,USED,in stock,TRA04J,Kinna Bil,Kinna,Västra Götalands län,SE,0acea758-e5c9-412b-933a-8cd3c8e269f3,Volvo,7062 kr/mån,Lånebelopp: 359200 kr,Kontantinsats: 89800 kr
e9597089-17d7-4ace-b580-d06b8ba53c7d,Volvo C40 Core - Klimatpaket!,Core - Klimatpaket!. Från 5 175 kr/mån. Miltal: 7 631 mil. Årsmodell: 2023. Växellåda: Automat. Bränsle: El. Reg.nr: DHH413. Kontakta oss för mer information.,https://borasbil.se/bilar/volvo-c40-recharge-twin-motor-dhh413,Volvo,C40,2023,76310,KM,Sedan,Electric,Automatic,329000 SEK,329000 SEK,https://cdn.wayke.se/cfit/3a4a8877-9b53-45d8-92e0-1d63f52c0716/4f76c94e-cb7f-4743-bb85-2b46043336a5?format=jpeg&r=0000000&w=800,"[""Exterior""]",used,USED,in stock,DHH413,Kinna Bil,Kinna,Västra Götalands län,SE,0acea758-e5c9-412b-933a-8cd3c8e269f3,Volvo,5175 kr/mån,Lånebelopp: 263200 kr,Kontantinsats: 65800 kr
57dda7a2-6a3f-4729-87c6-65af58118e24,Volvo C40 Core,Core. Från 4 860 kr/mån. Miltal: 6 478 mil. Årsmodell: 2023. Växellåda: Automat. Bränsle: El. Reg.nr: GFR00X. Kontakta oss för mer information.,https://borasbil.se/bilar/volvo-c40-recharge-single-motor-gfr00x,Volvo,C40,2023,64780,KM,Sedan,Electric,Automatic,309000 SEK,309000 SEK,https://cdn.wayke.se/cfit/5efa4c58-c654-40b1-87ea-769ff4f2f9a0/a1cea38c-13cf-4107-a2c9-978a0dc2a1d4?format=jpeg&r=0000000&w=800,"[""Exterior""]",used,USED,in stock,GFR00X,Kinna Bil,Kinna,Västra Götalands län,SE,0acea758-e5c9-412b-933a-8cd3c8e269f3,Volvo,4860 kr/mån,Lånebelopp: 247200 kr,Kontantinsats: 61800 kr
1de7adff-1351-4931-8d4c-8b2e03f9b21b,Volvo XC60 Recharge T6 Core Edition,Recharge T6 Core Edition. Från 6 747 kr/mån. Miltal: 6 960 mil. Årsmodell: 2023. Växellåda: Automat. Bränsle: Bensin. Reg.nr: MJA08D. Kontakta oss för mer information.,https://borasbil.se/bilar/volvo-xc60-mja08d,Volvo,XC60,2023,69600,KM,SUV,Gasoline,Automatic,429000 SEK,429000 SEK,https://cdn.wayke.se/cfit/1a9f4719-4755-43d5-8cb6-08a2c858fa98/a336f190-6ff7-41ed-8e42-e2a62c4df933?format=jpeg&r=0000000&w=800,"[""Exterior""]",used,USED,in stock,MJA08D,Kinna Bil,Kinna,Västra Götalands län,SE,0acea758-e5c9-412b-933a-8cd3c8e269f3,Volvo,6747 kr/mån,Lånebelopp: 343200 kr,Kontantinsats: 85800 kr
5e9a4c48-d40a-4deb-9d34-2da5974f9fce,Volvo C40 Ultimate,Ultimate. Från 5 646 kr/mån. Miltal: 8 631 mil. Årsmodell: 2023. Växellåda: Automat. Bränsle: El. Reg.nr: FXT72B. Kontakta oss för mer information.,https://borasbil.se/bilar/volvo-c40-recharge-twin-motor-fxt72b,Volvo,C40,2023,86310,KM,Sedan,Electric,Automatic,359000 SEK,359000 SEK,https://cdn.wayke.se/cfit/447eb293-8ea7-41b1-84a4-5d4aef52cdc2/73a2ef27-ba12-4313-bb25-41ffee8b3aec?format=jpeg&r=0000000&w=800,"[""Exterior""]",used,USED,in stock,FXT72B,Borås Bil,Borås,Västra Götalands län,SE,56b1373f-95bd-4e74-9030-15708ada078d,Volvo,5646 kr/mån,Lånebelopp: 287200 kr,Kontantinsats: 71800 kr
4a0863ae-4933-4ac4-bd2b-4c2b2963bdbd,Volvo C40 Core,Core. Från 4 860 kr/mån. Miltal: 4 400 mil. Årsmodell: 2023. Växellåda: Automat. Bränsle: El. Reg.nr: ZAR60Y. Kontakta oss för mer information.,https://borasbil.se/bilar/volvo-c40-recharge-single-motor-zar60y,Volvo,C40,2023,44000,KM,Sedan,Electric,Automatic,309000 SEK,309000 SEK,https://cdn.wayke.se/cfit/6fd115fd-df4e-4f5b-a4b5-bdd2e38848bf/aa7827ff-7003-45eb-8de4-699b84dad02f?format=jpeg&r=0000000&w=800,"[""Exterior""]",used,USED,in stock,ZAR60Y,Borås Bil,Borås,Västra Götalands län,SE,56b1373f-95bd-4e74-9030-15708ada078d,Volvo,4860 kr/mån,Lånebelopp: 247200 kr,Kontantinsats: 61800 kr
543161ac-0824-42ba-aed4-1fb7f64efe7f,Volvo XC40 Plus,Plus. Från 5 961 kr/mån. Miltal: 8 105 mil. Årsmodell: 2024. Växellåda: Automat. Bränsle: El. Reg.nr: YUP05E. Kontakta oss för mer information.,https://borasbil.se/bilar/volvo-xc40-recharge-twin-motor-yup05e,Volvo,XC40,2024,81050,KM,SUV,Electric,Automatic,379000 SEK,379000 SEK,https://cdn.wayke.se/cfit/668561a0-139f-46ed-bd8e-d6664e904f08/d51853bf-7e8c-4428-a8ec-5c86a3790748?format=jpeg&r=0000000&w=800,"[""Exterior""]",used,USED,in stock,YUP05E,Borås Bil,Borås,Västra Götalands län,SE,56b1373f-95bd-4e74-9030-15708ada078d,Volvo,5961 kr/mån,Lånebelopp: 303200 kr,Kontantinsats: 75800 kr
eb331f77-bc10-4903-ad66-5edd89f00357,Polestar 2 78kWh,78kWh. Från 5 175 kr/mån. Miltal: 7 876 mil. Årsmodell: 2022. Växellåda: Automat. Bränsle: El. Reg.nr: ENU76M. Kontakta oss för mer information.,https://borasbil.se/bilar/polestar-2-long-range-dual-motor-enu76m,Polestar,2,2022,78760,KM,Sedan,Electric,Automatic,329000 SEK,329000 SEK,https://cdn.wayke.se/cfit/87342887-7080-4c58-9ada-5c7741d7d625/2ca6361f-d41b-495a-a0c3-0d295f069099?format=jpeg&r=0000000&w=800,"[""Exterior""]",used,USED,in stock,ENU76M,Borås Bil,Borås,Västra Götalands län,SE,56b1373f-95bd-4e74-9030-15708ada078d,Polestar,5175 kr/mån,Lånebelopp: 263200 kr,Kontantinsats: 65800 kr
1a9fc00e-c5ec-4fb6-981e-5855d2c130e5,Polestar 2 69kWh,69kWh. Från 4 545 kr/mån. Miltal: 5 700 mil. Årsmodell: 2023. Växellåda: Automat. Bränsle: El. Reg.nr: MLW22A. Kontakta oss för mer information.,https://borasbil.se/bilar/polestar-2-standard-range-single-motor-mlw22a,Polestar,2,2023,57000,KM,Sedan,Electric,Automatic,289000 SEK,289000 SEK,https://cdn.wayke.se/cfit/519aa043-1f49-41ca-ae26-9494bc893c13/3571f0b6-2689-449f-98d1-a3d209408957?format=jpeg&r=0000000&w=800,"[""Exterior""]",used,USED,in stock,MLW22A,Borås Bil,Borås,Västra Götalands län,SE,56b1373f-95bd-4e74-9030-15708ada078d,Polestar,4545 kr/mån,Lånebelopp: 231200 kr,Kontantinsats: 57800 kr
43294721-dfb5-4798-b407-36a82187843f,Volvo XC40 Plus Edition,Plus Edition. Från 4 860 kr/mån. Miltal: 5 138 mil. Årsmodell: 2023. Växellåda: Automat. Bränsle: El. Reg.nr: LAJ27J. Kontakta oss för mer information.,https://borasbil.se/bilar/volvo-xc40-recharge-single-motor-laj27j,Volvo,XC40,2023,51380,KM,SUV,Electric,Automatic,309000 SEK,309000 SEK,https://cdn.wayke.se/cfit/07bd48f7-97a5-46e6-aff5-451b1412028c/bea590ec-3bc6-4bfa-b7dd-30b93a02a166?format=jpeg&r=0000000&w=800,"[""Exterior""]",used,USED,in stock,LAJ27J,Borås Bil,Borås,Västra Götalands län,SE,56b1373f-95bd-4e74-9030-15708ada078d,Volvo,4860 kr/mån,Lånebelopp: 247200 kr,Kontantinsats: 61800 kr
bb6796a5-c2a3-4613-bc47-2bdb938afebd,Volvo V90 Recharge T6 Plus Dark,Recharge T6 Plus Dark. Från 6 747 kr/mån. Miltal: 9 174 mil. Årsmodell: 2023. Växellåda: Automat. Bränsle: Bensin. Reg.nr: LBH17Y. Kontakta oss för mer information.,https://borasbil.se/bilar/volvo-v90-lbh17y,Volvo,V90,2023,91740,KM,Wagon,Gasoline,Automatic,429000 SEK,429000 SEK,https://cdn.wayke.se/cfit/f14d2623-636e-46b2-9233-4d07669f8fa6/52585b4a-ccbc-45d8-8bbf-da5c8e52c4a2?format=jpeg&r=0000000&w=800,"[""Exterior""]",used,USED,in stock,LBH17Y,Kinna Bil,Kinna,Västra Götalands län,SE,0acea758-e5c9-412b-933a-8cd3c8e269f3,Volvo,6747 kr/mån,Lånebelopp: 343200 kr,Kontantinsats: 85800 kr
1a7735f7-89d8-4d32-aa5b-16a735599324,Volvo V90 Recharge T6 R-Design,Recharge T6 R-Design. Från 6 275 kr/mån. Miltal: 9 485 mil. Årsmodell: 2022. Växellåda: Automat. Bränsle: Bensin. Reg.nr: ZHG015. Kontakta oss för mer information.,https://borasbil.se/bilar/volvo-v90-zhg015,Volvo,V90,2022,94850,KM,Wagon,Gasoline,Automatic,399000 SEK,399000 SEK,https://cdn.wayke.se/cfit/6e18fa64-a131-4e93-8726-683b60588c21/6952bb87-0c29-4056-bba8-b5071f16b41f?format=jpeg&r=0000000&w=800,"[""Exterior""]",used,USED,in stock,ZHG015,Kinna Bil,Kinna,Västra Götalands län,SE,0acea758-e5c9-412b-933a-8cd3c8e269f3,Volvo,6275 kr/mån,Lånebelopp: 319200 kr,Kontantinsats: 79800 kr
bae2adb7-bdbe-46de-b273-328b6e2f1f68,Volvo XC90 Recharge T8 Inscription 7-säten,Recharge T8 Inscription 7-säten. Från 8 635 kr/mån. Miltal: 10 707 mil. Årsmodell: 2022. Växellåda: Automat. Bränsle: Bensin. Reg.nr: TTT66A. Kontakta oss för mer information.,https://borasbil.se/bilar/volvo-xc90-7-saten-ttt66a,Volvo,XC90,2022,107070,KM,SUV,Gasoline,Automatic,549000 SEK,549000 SEK,https://cdn.wayke.se/cfit/3dda5e1c-1dfc-49f0-8af9-a894bd6b29f8/4e82dd2b-01e3-4d8f-a582-4891c0711cbc?format=jpeg&r=0000000&w=800,"[""Exterior""]",used,USED,in stock,TTT66A,Kinna Bil,Kinna,Västra Götalands län,SE,0acea758-e5c9-412b-933a-8cd3c8e269f3,Volvo,8635 kr/mån,Lånebelopp: 439200 kr,Kontantinsats: 109800 kr
dd0b285a-79fc-4b84-aab6-adaa7df0df08,Volvo V40 T3 Business,T3 Business. Från 2 343 kr/mån. Miltal: 12 546 mil. Årsmodell: 2018. Växellåda: Manuell. Bränsle: Bensin. Reg.nr: YRT400. Kontakta oss för mer information.,https://borasbil.se/bilar/volvo-v40-yrt400,Volvo,V40,2018,125460,KM,Sedan,Gasoline,Manual,149000 SEK,149000 SEK,https://cdn.wayke.se/cfit/6ccf5239-97b5-4b33-8cf9-7e1140138517/cc0d14ce-d25a-4405-8f7d-1cedc7495105?format=jpeg&r=0000000&w=800,"[""Exterior""]",used,USED,in stock,YRT400,Bogesunds Bil Ulricehamn,Ulricehamn,Västra Götalands län,SE,c2d1288f-1959-4cbe-afd2-9e60608c9a6b,Volvo,2343 kr/mån,Lånebelopp: 119200 kr,Kontantinsats: 29800 kr
6719afec-2d1d-4d41-af48-844099052443,Maxus T60 Max Luxury 2.0 215 hk A,Luxury 2.0 215 hk A. Från 7 821 kr/mån. Årsmodell: 2026. Växellåda: Automat. Bränsle: Diesel. Reg.nr: LJD74Z. Kontakta oss för mer information.,https://borasbil.se/bilar/maxus-t60-max-ljd74z,Maxus,T60 Max,2026,1,KM,Sedan,Diesel,Automatic,497250 SEK,497250 SEK,https://cdn.wayke.se/cfit/e77091b8-c6c7-4ef0-8e5b-8b7e05cacd42/2e5de9b0-893c-44e4-93b7-2b34d2bb5399?format=jpeg&r=0000000&w=800,"[""Exterior""]",new,NEW,in stock,LJD74Z,Borås Bil,Borås,Västra Götalands län,SE,56b1373f-95bd-4e74-9030-15708ada078d,Maxus,7821 kr/mån,Lånebelopp: 397800 kr,Kontantinsats: 99450 kr
391d10f3-a8a2-45d1-8aa4-0beef3ca8fc1,Maxus T60 Max Luxury 2.0 215 hk A,Luxury 2.0 215 hk A. Från 7 821 kr/mån. Årsmodell: 2026. Växellåda: Automat. Bränsle: Diesel. Reg.nr: JBW14J. Kontakta oss för mer information.,https://borasbil.se/bilar/maxus-t60-max-jbw14j,Maxus,T60 Max,2026,1,KM,Sedan,Diesel,Automatic,497250 SEK,497250 SEK,https://cdn.wayke.se/cfit/d4ebe8bc-4c21-4d05-82eb-4c0d16e7352e/b47dd9d0-0c6e-4fcc-8401-03558003585b?format=jpeg&r=0000000&w=800,"[""Exterior""]",new,NEW,in stock,JBW14J,Borås Bil,Borås,Västra Götalands län,SE,56b1373f-95bd-4e74-9030-15708ada078d,Maxus,7821 kr/mån,Lånebelopp: 397800 kr,Kontantinsats: 99450 kr
4f094d0b-3715-49aa-bdf9-ec9e08431664,Volvo V60 Recharge T6 Core Edition - Navi!,Recharge T6 Core Edition - Navi!. Från 5 332 kr/mån. Miltal: 8 669 mil. Årsmodell: 2023. Växellåda: Automat. Bränsle: Laddhybrid. Reg.nr: EKB98T. Kontakta oss för mer information.,https://borasbil.se/bilar/volvo-v60-ekb98t,Volvo,V60,2023,86690,KM,Wagon,Plug-in Hybrid,Automatic,339000 SEK,339000 SEK,https://cdn.wayke.se/cfit/02b7527a-3a60-4dcc-8822-ddeaa62efefb/224dc22d-41b4-4bb4-be0f-743dff35fe48?format=jpeg&r=0000000&w=800,"[""Exterior""]",used,USED,in stock,EKB98T,Borås Bil,Borås,Västra Götalands län,SE,56b1373f-95bd-4e74-9030-15708ada078d,Volvo,5332 kr/mån,Lånebelopp: 271200 kr,Kontantinsats: 67800 kr
af4aa457-b448-4976-89ab-23ffcc3dc365,Polestar 2 Plus,Plus. Från 7 376 kr/mån. Miltal: 1 520 mil. Årsmodell: 2025. Växellåda: Automat. Bränsle: El. Reg.nr: TYW01Y. Kontakta oss för mer information.,https://borasbil.se/bilar/polestar-2-long-range-single-motor-tyw01y,Polestar,2,2025,15200,KM,Sedan,Electric,Automatic,469000 SEK,469000 SEK,https://cdn.wayke.se/cfit/e12b37e8-805d-4187-b82d-cc9006c301e3/ffa77b65-9f72-42e8-a313-a6bdc8b39d45?format=jpeg&r=0000000&w=800,"[""Exterior""]",used,USED,in stock,TYW01Y,Borås Bil,Borås,Västra Götalands län,SE,56b1373f-95bd-4e74-9030-15708ada078d,Polestar,7376 kr/mån,Lånebelopp: 375200 kr,Kontantinsats: 93800 kr
7e8658c2-0e47-4b18-b9f5-031d94eff692,Volvo C40 Core,Core. Från 4 860 kr/mån. Miltal: 2 776 mil. Årsmodell: 2023. Växellåda: Automat. Bränsle: El. Reg.nr: OJA09F. Kontakta oss för mer information.,https://borasbil.se/bilar/volvo-c40-recharge-single-motor-oja09f,Volvo,C40,2023,27760,KM,Sedan,Electric,Automatic,309000 SEK,309000 SEK,https://cdn.wayke.se/cfit/4ee6cc6f-a50f-4378-8c8c-82f1f7c162fa/6414491b-eed0-4a4e-a380-e1b77d15079e?format=jpeg&r=0000000&w=800,"[""Exterior""]",used,USED,in stock,OJA09F,Borås Bil,Borås,Västra Götalands län,SE,56b1373f-95bd-4e74-9030-15708ada078d,Volvo,4860 kr/mån,Lånebelopp: 247200 kr,Kontantinsats: 61800 kr
e40ecc95-61c6-4d90-b2bd-f7d7350c534b,Volvo V90 B4 AWD Diesel Adv Edt,B4 AWD Diesel Adv Edt. Från 6 275 kr/mån. Miltal: 10 327 mil. Årsmodell: 2022. Växellåda: Automat. Bränsle: Diesel. Reg.nr: CMY54A. Kontakta oss för mer information.,https://borasbil.se/bilar/volvo-v90-cross-country-cmy54a,Volvo,V90,2022,103270,KM,Wagon,Diesel,Automatic,399000 SEK,399000 SEK,https://cdn.wayke.se/cfit/8eaa7667-8bff-4f37-8513-dc16c326334c/5dd81530-3cf7-4458-acc5-47a9ff8da2ca?format=jpeg&r=0000000&w=800,"[""Exterior""]",used,USED,in stock,CMY54A,Borås Bil,Borås,Västra Götalands län,SE,56b1373f-95bd-4e74-9030-15708ada078d,Volvo,6275 kr/mån,Lånebelopp: 319200 kr,Kontantinsats: 79800 kr
7fac6e1e-85c9-4bf1-951f-0aa3b7cc9c77,Volvo C40 Core,Core. Från 4 954 kr/mån. Miltal: 4 599 mil. Årsmodell: 2023. Växellåda: Automat. Bränsle: El. Reg.nr: NXD59E. Kontakta oss för mer information.,https://borasbil.se/bilar/volvo-c40-recharge-single-motor-nxd59e,Volvo,C40,2023,45990,KM,Sedan,Electric,Automatic,315000 SEK,315000 SEK,https://cdn.wayke.se/cfit/0563e188-98ab-42b6-a044-65a301f5d046/74c80c10-800a-47dd-831d-642365f1a22b?format=jpeg&r=0000000&w=800,"[""Exterior""]",used,USED,in stock,NXD59E,Kinna Bil,Kinna,Västra Götalands län,SE,0acea758-e5c9-412b-933a-8cd3c8e269f3,Volvo,4954 kr/mån,Lånebelopp: 252000 kr,Kontantinsats: 63000 kr
15435b7c-946a-4c08-a930-92abab9a39e5,Volvo XC40 T2 FWD R-Design/DRAG,T2 FWD R-Design/DRAG. Från 4 860 kr/mån. Miltal: 11 803 mil. Årsmodell: 2022. Växellåda: Automat. Bränsle: Bensin. Reg.nr: ZKA02E. Kontakta oss för mer information.,https://borasbil.se/bilar/volvo-xc40-zka02e,Volvo,XC40,2022,118030,KM,SUV,Gasoline,Automatic,309000 SEK,309000 SEK,https://cdn.wayke.se/cfit/96231c11-9fc5-432a-b2a5-4bff6f69c217/8661ccc8-1177-4448-b42d-b4099b03d922?format=jpeg&r=0000000&w=800,"[""Exterior""]",used,USED,in stock,ZKA02E,Borås Bil,Borås,Västra Götalands län,SE,56b1373f-95bd-4e74-9030-15708ada078d,Volvo,4860 kr/mån,Lånebelopp: 247200 kr,Kontantinsats: 61800 kr
347d6fe3-e209-4eb0-a5f6-e8d952e144be,Citroën C3 SHINE Pure Tech 110 A 5-d,SHINE Pure Tech 110 A 5-d. Från 2 501 kr/mån. Miltal: 4 362 mil. Årsmodell: 2024. Växellåda: Automat. Bränsle: Bensin. Reg.nr: UGD08S. Kontakta oss för mer information.,https://borasbil.se/bilar/citroen-c3-ugd08s,Citroën,C3,2024,43620,KM,Sedan,Gasoline,Automatic,159000 SEK,159000 SEK,https://cdn.wayke.se/cfit/41124585-401a-44bf-af69-6c3d117340ba/cd2db008-9917-4e12-aba7-bfbe03465874?format=jpeg&r=0000000&w=800,"[""Exterior""]",used,USED,in stock,UGD08S,Borås Bil,Borås,Västra Götalands län,SE,56b1373f-95bd-4e74-9030-15708ada078d,Citroën,2501 kr/mån,Lånebelopp: 127200 kr,Kontantinsats: 31800 kr
8421c3dd-1dda-4a2b-8c35-88c1e3912756,Volvo XC40 D3 AWD Momentum Advanced Edition,D3 AWD Momentum Advanced Edition. Från 3 916 kr/mån. Miltal: 17 091 mil. Årsmodell: 2019. Växellåda: Automat. Bränsle: Diesel. Reg.nr: YWO556. Kontakta oss för mer information.,https://borasbil.se/bilar/volvo-xc40-ywo556,Volvo,XC40,2019,170910,KM,SUV,Diesel,Automatic,249000 SEK,249000 SEK,https://cdn.wayke.se/cfit/d7342808-6538-4dd7-a277-c1d951110abb/bd0c3517-03cf-4a4f-bfc1-9e986acf4400?format=jpeg&r=0000000&w=800,"[""Exterior""]",used,USED,in stock,YWO556,Bogesunds Bil Ulricehamn,Ulricehamn,Västra Götalands län,SE,c2d1288f-1959-4cbe-afd2-9e60608c9a6b,Volvo,3916 kr/mån,Lånebelopp: 199200 kr,Kontantinsats: 49800 kr
bfeda6f0-b8cc-4a9c-9f4e-b18cf26f9377,Volvo XC40 Core Edition,Core Edition. Från 4 231 kr/mån. Miltal: 10 060 mil. Årsmodell: 2023. Växellåda: Automat. Bränsle: El. Reg.nr: FSS25E. Kontakta oss för mer information.,https://borasbil.se/bilar/volvo-xc40-recharge-single-motor-fss25e,Volvo,XC40,2023,100600,KM,SUV,Electric,Automatic,269000 SEK,269000 SEK,https://cdn.wayke.se/cfit/5d6b1209-e4f9-468a-9765-69559667872b/182d0ac6-5c32-4f9e-82ee-bd7e82724cf1?format=jpeg&r=0000000&w=800,"[""Exterior""]",used,USED,in stock,FSS25E,Kinna Bil,Kinna,Västra Götalands län,SE,0acea758-e5c9-412b-933a-8cd3c8e269f3,Volvo,4231 kr/mån,Lånebelopp: 215200 kr,Kontantinsats: 53800 kr
18d0f700-2029-4b69-8523-e422f4b37a0d,Peugeot 2008 GT Electric 5-d SUV,GT Electric 5-d SUV. Från 3 130 kr/mån. Miltal: 4 465 mil. Årsmodell: 2022. Växellåda: Automat. Bränsle: El. Reg.nr: CMC49P. Kontakta oss för mer information.,https://borasbil.se/bilar/peugeot-e-2008-cmc49p,Peugeot,2008,2022,44650,KM,Sedan,Electric,Automatic,199000 SEK,199000 SEK,https://cdn.wayke.se/cfit/3b69f602-8692-4c98-b861-3d7dcdd3145c/26849365-4b9d-4623-8b2a-5824c6b778e7?format=jpeg&r=0000000&w=800,"[""Exterior""]",used,USED,in stock,CMC49P,Borås Bil,Borås,Västra Götalands län,SE,56b1373f-95bd-4e74-9030-15708ada078d,Peugeot,3130 kr/mån,Lånebelopp: 159200 kr,Kontantinsats: 39800 kr
3e048979-a7a7-49db-8a63-868805299ac7,Volvo C40 Core,Core. Från 4 860 kr/mån. Miltal: 6 419 mil. Årsmodell: 2023. Växellåda: Automat. Bränsle: El. Reg.nr: PFS07R. Kontakta oss för mer information.,https://borasbil.se/bilar/volvo-c40-recharge-single-motor-pfs07r,Volvo,C40,2023,64190,KM,Sedan,Electric,Automatic,309000 SEK,309000 SEK,https://cdn.wayke.se/cfit/21788dbf-36e1-40a6-b3ba-eb6c71b25b36/9c3b38ab-1238-4937-a62f-6cb3ec3f79c6?format=jpeg&r=0000000&w=800,"[""Exterior""]",used,USED,in stock,PFS07R,Kinna Bil,Kinna,Västra Götalands län,SE,0acea758-e5c9-412b-933a-8cd3c8e269f3,Volvo,4860 kr/mån,Lånebelopp: 247200 kr,Kontantinsats: 61800 kr
3dd9c3d8-4d39-485c-a90f-d1effdefd704,Volvo C40 Core,Core. Från 4 860 kr/mån. Miltal: 4 576 mil. Årsmodell: 2023. Växellåda: Automat. Bränsle: El. Reg.nr: GRF19P. Kontakta oss för mer information.,https://borasbil.se/bilar/volvo-c40-recharge-single-motor-grf19p,Volvo,C40,2023,45760,KM,Sedan,Electric,Automatic,309000 SEK,309000 SEK,https://cdn.wayke.se/cfit/f311f16f-1d21-4582-a73a-c45c0f66dfd7/d144a305-de35-4fae-b3f1-09c429601db4?format=jpeg&r=0000000&w=800,"[""Exterior""]",used,USED,in stock,GRF19P,Kinna Bil,Kinna,Västra Götalands län,SE,0acea758-e5c9-412b-933a-8cd3c8e269f3,Volvo,4860 kr/mån,Lånebelopp: 247200 kr,Kontantinsats: 61800 kr
add90077-e070-4668-a117-821fe350ddf2,Peugeot 208 GT Electric 5-d,GT Electric 5-d. Från 3 287 kr/mån. Miltal: 3 450 mil. Årsmodell: 2022. Växellåda: Automat. Bränsle: El. Reg.nr: SDJ40W. Kontakta oss för mer information.,https://borasbil.se/bilar/peugeot-e-208-sdj40w,Peugeot,208,2022,34500,KM,Sedan,Electric,Automatic,209000 SEK,209000 SEK,https://cdn.wayke.se/cfit/758e784a-78d1-4bfd-9d5f-4157ca4cec25/5fc0d573-2303-4045-aa2a-837fb8800e0b?format=jpeg&r=0000000&w=800,"[""Exterior""]",used,USED,in stock,SDJ40W,Borås Bil,Borås,Västra Götalands län,SE,56b1373f-95bd-4e74-9030-15708ada078d,Peugeot,3287 kr/mån,Lånebelopp: 167200 kr,Kontantinsats: 41800 kr
441fa7e9-f31c-453a-a55e-4c30f172f11a,Volvo C40 Ultimate,Ultimate. Från 5 175 kr/mån. Miltal: 8 100 mil. Årsmodell: 2023. Växellåda: Automat. Bränsle: El. Reg.nr: SUM94M. Kontakta oss för mer information.,https://borasbil.se/bilar/volvo-c40-recharge-single-motor-sum94m,Volvo,C40,2023,81000,KM,Sedan,Electric,Automatic,329000 SEK,329000 SEK,https://cdn.wayke.se/cfit/81cd6c0a-0e6c-46a1-9d36-68c8f043e2bb/e035d545-9b50-4000-aa47-0d5f890262e7?format=jpeg&r=0000000&w=800,"[""Exterior""]",used,USED,in stock,SUM94M,Kinna Bil,Kinna,Västra Götalands län,SE,0acea758-e5c9-412b-933a-8cd3c8e269f3,Volvo,5175 kr/mån,Lånebelopp: 263200 kr,Kontantinsats: 65800 kr
7c92e1e5-2fa7-44c1-ba11-0f6745161e7b,Polestar 2 78kWh,78kWh. Från 5 332 kr/mån. Miltal: 7 642 mil. Årsmodell: 2023. Växellåda: Automat. Bränsle: El. Reg.nr: SKE30H. Kontakta oss för mer information.,https://borasbil.se/bilar/polestar-2-long-range-dual-motor-ske30h,Polestar,2,2023,76420,KM,Sedan,Electric,Automatic,339000 SEK,339000 SEK,https://cdn.wayke.se/cfit/624bef85-c916-48ce-9a88-ce8864f85680/0c157536-452c-45af-9e4f-122f31642456?format=jpeg&r=0000000&w=800,"[""Exterior""]",used,USED,in stock,SKE30H,Bogesunds Bil Ulricehamn,Ulricehamn,Västra Götalands län,SE,c2d1288f-1959-4cbe-afd2-9e60608c9a6b,Polestar,5332 kr/mån,Lånebelopp: 271200 kr,Kontantinsats: 67800 kr
95772ef6-c16e-40ea-84cc-c46914d62864,Volvo C40 Ultimate,Ultimate. Från 5 646 kr/mån. Miltal: 5 088 mil. Årsmodell: 2023. Växellåda: Automat. Bränsle: El. Reg.nr: SWT77F. Kontakta oss för mer information.,https://borasbil.se/bilar/volvo-c40-recharge-single-motor-swt77f,Volvo,C40,2023,50880,KM,Sedan,Electric,Automatic,359000 SEK,359000 SEK,https://cdn.wayke.se/cfit/aca3374b-541d-4e4e-b1a5-f8014bb65a19/5ae2aa22-1ca2-4249-917b-513096be8063?format=jpeg&r=0000000&w=800,"[""Exterior""]",used,USED,in stock,SWT77F,Bogesunds Bil Ulricehamn,Ulricehamn,Västra Götalands län,SE,c2d1288f-1959-4cbe-afd2-9e60608c9a6b,Volvo,5646 kr/mån,Lånebelopp: 287200 kr,Kontantinsats: 71800 kr
3b95f7ff-addf-4c51-b625-40e643d2be7c,Volvo XC40 Core,Core. Från 5 646 kr/mån. Miltal: 4 403 mil. Årsmodell: 2023. Växellåda: Automat. Bränsle: El. Reg.nr: WJA08S. Kontakta oss för mer information.,https://borasbil.se/bilar/volvo-xc40-recharge-twin-motor-wja08s,Volvo,XC40,2023,44030,KM,SUV,Electric,Automatic,359000 SEK,359000 SEK,https://cdn.wayke.se/cfit/912805e6-214d-492f-add4-c7464dfaad17/72d56a77-5bb8-412a-8085-240114e59c4e?format=jpeg&r=0000000&w=800,"[""Exterior""]",used,USED,in stock,WJA08S,Bogesunds Bil Ulricehamn,Ulricehamn,Västra Götalands län,SE,c2d1288f-1959-4cbe-afd2-9e60608c9a6b,Volvo,5646 kr/mån,Lånebelopp: 287200 kr,Kontantinsats: 71800 kr
c3f69b86-ff63-4599-9ac6-a4594cd5caa8,Polestar 2 78kWh,78kWh. Från 4 860 kr/mån. Miltal: 12 842 mil. Årsmodell: 2023. Växellåda: Automat. Bränsle: El. Reg.nr: JXJ89P. Kontakta oss för mer information.,https://borasbil.se/bilar/polestar-2-long-range-dual-motor-jxj89p,Polestar,2,2023,128420,KM,Sedan,Electric,Automatic,309000 SEK,309000 SEK,https://cdn.wayke.se/cfit/a1d7a5f7-fd47-4492-acb0-c28a0b18e3e4/360cac85-357d-435f-9ccd-5721f6b56b3a?format=jpeg&r=0000000&w=800,"[""Exterior""]",used,USED,in stock,JXJ89P,Kinna Bil,Kinna,Västra Götalands län,SE,0acea758-e5c9-412b-933a-8cd3c8e269f3,Polestar,4860 kr/mån,Lånebelopp: 247200 kr,Kontantinsats: 61800 kr
87ec3614-70f8-49a4-b7bf-ab1153fd5689,Peugeot 2008 GT Electric 5-d SUV,GT Electric 5-d SUV. Från 3 130 kr/mån. Miltal: 5 005 mil. Årsmodell: 2022. Växellåda: Automat. Bränsle: El. Reg.nr: JYT52L. Kontakta oss för mer information.,https://borasbil.se/bilar/peugeot-e-2008-jyt52l,Peugeot,2008,2022,50050,KM,Sedan,Electric,Automatic,199000 SEK,199000 SEK,https://cdn.wayke.se/cfit/2893515c-5725-49c9-b8b4-691f1f30e5c7/61fac542-7083-4026-8d21-8d2a5e72dcae?format=jpeg&r=0000000&w=800,"[""Exterior""]",used,USED,in stock,JYT52L,Borås Bil,Borås,Västra Götalands län,SE,56b1373f-95bd-4e74-9030-15708ada078d,Peugeot,3130 kr/mån,Lånebelopp: 159200 kr,Kontantinsats: 39800 kr
3504d2f1-b6be-40ab-abc6-33351331cb58,Volvo XC40 Ultimate,Ultimate. Från 5 646 kr/mån. Miltal: 5 812 mil. Årsmodell: 2023. Växellåda: Automat. Bränsle: El. Reg.nr: JAD05Y. Kontakta oss för mer information.,https://borasbil.se/bilar/volvo-xc40-recharge-single-motor-jad05y,Volvo,XC40,2023,58120,KM,SUV,Electric,Automatic,359000 SEK,359000 SEK,https://cdn.wayke.se/cfit/feec1c7d-3aa6-4a30-b48e-21bf5cc1978a/36f14f31-c615-41eb-90a7-42d4202fecc3?format=jpeg&r=0000000&w=800,"[""Exterior""]",used,USED,in stock,JAD05Y,Kinna Bil,Kinna,Västra Götalands län,SE,0acea758-e5c9-412b-933a-8cd3c8e269f3,Volvo,5646 kr/mån,Lånebelopp: 287200 kr,Kontantinsats: 71800 kr
16ff8e20-be2a-4f5f-b616-ccef9539fe58,Peugeot 2008 GT Electric 5-d SUV,GT Electric 5-d SUV. Från 3 130 kr/mån. Miltal: 3 017 mil. Årsmodell: 2022. Växellåda: Automat. Bränsle: El. Reg.nr: RAE07E. Kontakta oss för mer information.,https://borasbil.se/bilar/peugeot-e-2008-rae07e,Peugeot,2008,2022,30170,KM,Sedan,Electric,Automatic,199000 SEK,199000 SEK,https://cdn.wayke.se/cfit/78a328f3-02c5-402b-81f5-560f603ed1b0/e92a0e63-5fac-4991-b1fa-c56c4c64c625?format=jpeg&r=0000000&w=800,"[""Exterior""]",used,USED,in stock,RAE07E,Borås Bil,Borås,Västra Götalands län,SE,56b1373f-95bd-4e74-9030-15708ada078d,Peugeot,3130 kr/mån,Lånebelopp: 159200 kr,Kontantinsats: 39800 kr
1d6f6725-f9c5-4f9a-bb33-9bc57e5a5825,Volvo C40 Plus Edition,Plus Edition. Från 4 388 kr/mån. Miltal: 10 503 mil. Årsmodell: 2023. Växellåda: Automat. Bränsle: El. Reg.nr: RRN46G. Kontakta oss för mer information.,https://borasbil.se/bilar/volvo-c40-recharge-single-motor-rrn46g,Volvo,C40,2023,105030,KM,Sedan,Electric,Automatic,279000 SEK,279000 SEK,https://cdn.wayke.se/cfit/1c42eacc-396a-4169-baf3-f705c6775cff/107df605-750d-4ba6-b81a-f8ee092eeafe?format=jpeg&r=0000000&w=800,"[""Exterior""]",used,USED,in stock,RRN46G,Borås Bil,Borås,Västra Götalands län,SE,56b1373f-95bd-4e74-9030-15708ada078d,Volvo,4388 kr/mån,Lånebelopp: 223200 kr,Kontantinsats: 55800 kr
bad73276-3bbe-4685-a7ef-340556f43988,Volvo C40 Core,Core. Från 4 703 kr/mån. Miltal: 6 998 mil. Årsmodell: 2023. Växellåda: Automat. Bränsle: El. Reg.nr: JAC81G. Kontakta oss för mer information.,https://borasbil.se/bilar/volvo-c40-recharge-single-motor-jac81g,Volvo,C40,2023,69980,KM,Sedan,Electric,Automatic,299000 SEK,299000 SEK,https://cdn.wayke.se/cfit/34545a6c-5304-41d9-bf00-a206241b8928/f28ee44d-c579-4a97-ad8b-842601c7c380?format=jpeg&r=0000000&w=800,"[""Exterior""]",used,USED,in stock,JAC81G,Borås Bil,Borås,Västra Götalands län,SE,56b1373f-95bd-4e74-9030-15708ada078d,Volvo,4703 kr/mån,Lånebelopp: 239200 kr,Kontantinsats: 59800 kr
d7060fab-7f99-4cdd-9683-02a0d08821bb,Volvo XC40 Ultimate,Ultimate. Från 5 489 kr/mån. Miltal: 5 910 mil. Årsmodell: 2023. Växellåda: Automat. Bränsle: El. Reg.nr: YDB32L. Kontakta oss för mer information.,https://borasbil.se/bilar/volvo-xc40-recharge-single-motor-ydb32l,Volvo,XC40,2023,59100,KM,SUV,Electric,Automatic,349000 SEK,349000 SEK,https://cdn.wayke.se/cfit/5cde1485-ae6b-404a-ba2e-298eefbf5091/ab377d39-e4ab-408e-bef9-201dc2c79ed1?format=jpeg&r=0000000&w=800,"[""Exterior""]",used,USED,in stock,YDB32L,Borås Bil,Borås,Västra Götalands län,SE,56b1373f-95bd-4e74-9030-15708ada078d,Volvo,5489 kr/mån,Lånebelopp: 279200 kr,Kontantinsats: 69800 kr
cefd924e-fc8d-4d8e-86e6-dd6b84f15fa7,Polestar 2 78kWh Plus,78kWh Plus. Från 5 961 kr/mån. Miltal: 4 373 mil. Årsmodell: 2023. Växellåda: Automat. Bränsle: El. Reg.nr: GJG203. Kontakta oss för mer information.,https://borasbil.se/bilar/polestar-2-long-range-dual-motor-gjg203,Polestar,2,2023,43730,KM,Sedan,Electric,Automatic,379000 SEK,379000 SEK,https://cdn.wayke.se/cfit/856cb246-15e8-4fe8-b360-a808908e19f9/3280a2fc-79c2-401f-ae02-c66013c11d40?format=jpeg&r=0000000&w=800,"[""Exterior""]",used,USED,in stock,GJG203,Borås Bil,Borås,Västra Götalands län,SE,56b1373f-95bd-4e74-9030-15708ada078d,Polestar,5961 kr/mån,Lånebelopp: 303200 kr,Kontantinsats: 75800 kr
25a0a7f8-6aff-48be-96d6-4f25daff0baa,Volvo XC40 Ultimate,Ultimate. Från 5 646 kr/mån. Miltal: 5 844 mil. Årsmodell: 2023. Växellåda: Automat. Bränsle: El. Reg.nr: UEL89G. Kontakta oss för mer information.,https://borasbil.se/bilar/volvo-xc40-recharge-single-motor-uel89g,Volvo,XC40,2023,58440,KM,SUV,Electric,Automatic,359000 SEK,359000 SEK,https://cdn.wayke.se/cfit/ca0231c0-a736-43d0-bc41-6d0c788d12d4/1b1d272f-cb16-400e-b244-9796bf22d31f?format=jpeg&r=0000000&w=800,"[""Exterior""]",used,USED,in stock,UEL89G,Borås Bil,Borås,Västra Götalands län,SE,56b1373f-95bd-4e74-9030-15708ada078d,Volvo,5646 kr/mån,Lånebelopp: 287200 kr,Kontantinsats: 71800 kr
0a96f3da-5bdf-42b0-8234-74428420ebf0,Volvo C40 Plus,Plus. Från 5 017 kr/mån. Miltal: 5 664 mil. Årsmodell: 2023. Växellåda: Automat. Bränsle: El. Reg.nr: JAA04J. Kontakta oss för mer information.,https://borasbil.se/bilar/volvo-c40-recharge-single-motor-jaa04j,Volvo,C40,2023,56640,KM,Sedan,Electric,Automatic,319000 SEK,319000 SEK,https://cdn.wayke.se/cfit/987e329f-ee70-4e84-b5c9-9f055af9e804/84ef49ab-6903-4722-8bd6-ceced1977360?format=jpeg&r=0000000&w=800,"[""Exterior""]",used,USED,in stock,JAA04J,Borås Bil,Borås,Västra Götalands län,SE,56b1373f-95bd-4e74-9030-15708ada078d,Volvo,5017 kr/mån,Lånebelopp: 255200 kr,Kontantinsats: 63800 kr
ee003837-2618-41d7-8d0a-553e5ee0198d,Volvo C40 Plus,Plus. Från 5 017 kr/mån. Miltal: 5 028 mil. Årsmodell: 2023. Växellåda: Automat. Bränsle: El. Reg.nr: HPW94H. Kontakta oss för mer information.,https://borasbil.se/bilar/volvo-c40-recharge-single-motor-hpw94h,Volvo,C40,2023,50280,KM,Sedan,Electric,Automatic,319000 SEK,319000 SEK,https://cdn.wayke.se/cfit/a3395792-3dd0-43e0-8ed3-5adfceda87c8/c644ab23-bdea-41e9-9029-ff4badf957b5?format=jpeg&r=0000000&w=800,"[""Exterior""]",used,USED,in stock,HPW94H,Borås Bil,Borås,Västra Götalands län,SE,56b1373f-95bd-4e74-9030-15708ada078d,Volvo,5017 kr/mån,Lånebelopp: 255200 kr,Kontantinsats: 63800 kr
758e3008-6904-4c2a-9420-d1c9b2e81c5e,Polestar 2 78kWh,78kWh. Från 5 489 kr/mån. Miltal: 8 396 mil. Årsmodell: 2023. Växellåda: Automat. Bränsle: El. Reg.nr: WAE34Z. Kontakta oss för mer information.,https://borasbil.se/bilar/polestar-2-long-range-dual-motor-wae34z,Polestar,2,2023,83960,KM,Sedan,Electric,Automatic,349000 SEK,349000 SEK,https://cdn.wayke.se/cfit/ebd0e2fa-5680-4f2f-9e12-f0bf0fd6611b/5abdfff5-8aa3-4fda-901e-30ca67c845ad?format=jpeg&r=0000000&w=800,"[""Exterior""]",used,USED,in stock,WAE34Z,Kinna Bil,Kinna,Västra Götalands län,SE,0acea758-e5c9-412b-933a-8cd3c8e269f3,Polestar,5489 kr/mån,Lånebelopp: 279200 kr,Kontantinsats: 69800 kr
3001074a-dcbf-418e-ac5b-4f5d9c13e097,Volvo C40 Plus,Plus. Från 5 175 kr/mån. Miltal: 5 744 mil. Årsmodell: 2023. Växellåda: Automat. Bränsle: El. Reg.nr: DWA097. Kontakta oss för mer information.,https://borasbil.se/bilar/volvo-c40-recharge-single-motor-dwa097,Volvo,C40,2023,57440,KM,Sedan,Electric,Automatic,329000 SEK,329000 SEK,https://cdn.wayke.se/cfit/9881c5af-375e-48bc-a449-2cef115125f8/af2c3697-2077-405c-8f32-099606345522?format=jpeg&r=0000000&w=800,"[""Exterior""]",used,USED,in stock,DWA097,Kinna Bil,Kinna,Västra Götalands län,SE,0acea758-e5c9-412b-933a-8cd3c8e269f3,Volvo,5175 kr/mån,Lånebelopp: 263200 kr,Kontantinsats: 65800 kr
277d4f5d-9331-4480-b7c1-c546f7339d47,Volvo V60 T6 Plus Dark Nordic Edition,T6 Plus Dark Nordic Edition. Från 8 949 kr/mån. Årsmodell: 2026. Växellåda: Automat. Bränsle: Bensin. Reg.nr: HDL47Y. Kontakta oss för mer information.,https://borasbil.se/bilar/volvo-v60-hdl47y,Volvo,V60,2026,1,KM,Wagon,Gasoline,Automatic,569000 SEK,569000 SEK,https://cdn.wayke.se/cfit/6ba5e421-0318-4e59-b157-098d585e78f7/f53cbbf3-334f-4f8f-be13-7aecc3fbc9ac?format=jpeg&r=0000000&w=800,"[""Exterior""]",new,NEW,in stock,HDL47Y,Bogesunds Bil Ulricehamn,Ulricehamn,Västra Götalands län,SE,c2d1288f-1959-4cbe-afd2-9e60608c9a6b,Volvo,8949 kr/mån,Lånebelopp: 455200 kr,Kontantinsats: 113800 kr
fdb8f56d-878f-414d-bd7f-2c1b66db6e65,Volvo XC40 Recharge T4 Inscription/DRAG,Recharge T4 Inscription/DRAG. Från 5 646 kr/mån. Miltal: 4 963 mil. Årsmodell: 2022. Växellåda: Automat. Bränsle: Bensin. Reg.nr: WJF507. Kontakta oss för mer information.,https://borasbil.se/bilar/volvo-xc40-wjf507,Volvo,XC40,2022,49630,KM,SUV,Gasoline,Automatic,359000 SEK,359000 SEK,https://cdn.wayke.se/cfit/3a2aac61-9e15-4dc3-9a0b-335f5a50f4d3/5cb81da6-414b-4c51-88af-e8057c2be83c?format=jpeg&r=0000000&w=800,"[""Exterior""]",used,USED,in stock,WJF507,Borås Bil,Borås,Västra Götalands län,SE,56b1373f-95bd-4e74-9030-15708ada078d,Volvo,5646 kr/mån,Lånebelopp: 287200 kr,Kontantinsats: 71800 kr
9badde1b-e830-443d-bb8f-45b78d8d7331,Volvo XC40 Core,Core. Från 4 231 kr/mån. Miltal: 12 779 mil. Årsmodell: 2022. Växellåda: Automat. Bränsle: El. Reg.nr: LXD51J. Kontakta oss för mer information.,https://borasbil.se/bilar/volvo-xc40-p6-recharge-lxd51j,Volvo,XC40,2022,127790,KM,SUV,Electric,Automatic,269000 SEK,269000 SEK,https://cdn.wayke.se/cfit/f5cd5044-9a79-42a3-837e-33436c6a4a0a/5c7c5574-f2c5-4c6d-a2a6-84ecd94a69f8?format=jpeg&r=0000000&w=800,"[""Exterior""]",used,USED,in stock,LXD51J,Kinna Bil,Kinna,Västra Götalands län,SE,0acea758-e5c9-412b-933a-8cd3c8e269f3,Volvo,4231 kr/mån,Lånebelopp: 215200 kr,Kontantinsats: 53800 kr
7f018f1e-f723-42a3-a0ae-ab584a02e825,Volvo V60 Recharge T6 Core Edition - Drag!,Recharge T6 Core Edition - Drag!. Från 5 017 kr/mån. Miltal: 12 944 mil. Årsmodell: 2023. Växellåda: Automat. Bränsle: Bensin. Reg.nr: FJA11T. Kontakta oss för mer information.,https://borasbil.se/bilar/volvo-v60-fja11t,Volvo,V60,2023,129440,KM,Wagon,Gasoline,Automatic,319000 SEK,319000 SEK,https://cdn.wayke.se/cfit/3c1629b5-c88a-4e78-adfc-bf010065bd41/5ccc1fef-53bd-46c2-a94b-5cdc08e4a123?format=jpeg&r=0000000&w=800,"[""Exterior""]",used,USED,in stock,FJA11T,Kinna Bil,Kinna,Västra Götalands län,SE,0acea758-e5c9-412b-933a-8cd3c8e269f3,Volvo,5017 kr/mån,Lånebelopp: 255200 kr,Kontantinsats: 63800 kr
748d4bce-fb23-4eca-acf5-3d46d91ec199,Volvo V60 D4 Momentum Advanced Edition,D4 Momentum Advanced Edition. Från 4 231 kr/mån. Miltal: 14 327 mil. Årsmodell: 2021. Växellåda: Automat. Bränsle: Diesel. Reg.nr: ZKJ723. Kontakta oss för mer information.,https://borasbil.se/bilar/volvo-v60-zkj723,Volvo,V60,2021,143270,KM,Wagon,Diesel,Automatic,269000 SEK,269000 SEK,https://cdn.wayke.se/cfit/e7bafe06-d339-47f4-95f9-869bb14229a6/cb55db1e-d385-4fb3-a3de-c1126ad9ca7a?format=jpeg&r=0000000&w=800,"[""Exterior""]",used,USED,in stock,ZKJ723,Kinna Bil,Kinna,Västra Götalands län,SE,0acea758-e5c9-412b-933a-8cd3c8e269f3,Volvo,4231 kr/mån,Lånebelopp: 215200 kr,Kontantinsats: 53800 kr
71e76252-4090-494c-baec-35baef615abd,"Volvo C40 Ultimate - 20""!","Ultimate - 20""!. Från 5 489 kr/mån. Miltal: 5 224 mil. Årsmodell: 2023. Växellåda: Automat. Bränsle: El. Reg.nr: BSX92A. Kontakta oss för mer information.",https://borasbil.se/bilar/volvo-c40-recharge-single-motor-bsx92a,Volvo,C40,2023,52240,KM,Sedan,Electric,Automatic,349000 SEK,349000 SEK,https://cdn.wayke.se/cfit/1e8c06d6-36c2-49b0-8998-6343c99e6e17/a8e91921-2309-4aee-9354-9c298d2c9acb?format=jpeg&r=0000000&w=800,"[""Exterior""]",used,USED,in stock,BSX92A,Kinna Bil,Kinna,Västra Götalands län,SE,0acea758-e5c9-412b-933a-8cd3c8e269f3,Volvo,5489 kr/mån,Lånebelopp: 279200 kr,Kontantinsats: 69800 kr
c2257f63-af94-4fc1-80cd-9cb7230612be,Volvo XC40 Ultimate/DRAG,Ultimate/DRAG. Från 5 646 kr/mån. Miltal: 8 909 mil. Årsmodell: 2023. Växellåda: Automat. Bränsle: El. Reg.nr: UHY52M. Kontakta oss för mer information.,https://borasbil.se/bilar/volvo-xc40-recharge-twin-motor-uhy52m,Volvo,XC40,2023,89090,KM,SUV,Electric,Automatic,359000 SEK,359000 SEK,https://cdn.wayke.se/cfit/7c722cb5-2adf-4b0f-8151-cc80b724b307/748b03e8-f6e4-4033-810b-a20755c1107b?format=jpeg&r=0000000&w=800,"[""Exterior""]",used,USED,in stock,UHY52M,Borås Bil,Borås,Västra Götalands län,SE,56b1373f-95bd-4e74-9030-15708ada078d,Volvo,5646 kr/mån,Lånebelopp: 287200 kr,Kontantinsats: 71800 kr
03336283-87af-4f64-afaa-0ce61ca5e9f7,Volvo XC90 T8 Ultra Black Edition,T8 Ultra Black Edition. Från 16 735 kr/mån. Årsmodell: 2026. Växellåda: Automat. Bränsle: Bensin. Reg.nr: YFS70U. Kontakta oss för mer information.,https://borasbil.se/bilar/volvo-xc90-yfs70u,Volvo,XC90,2026,1,KM,SUV,Gasoline,Automatic,1064000 SEK,1064000 SEK,https://cdn.wayke.se/cfit/ce40dfef-4cab-44cd-8057-57b49a435668/c2a77b5e-375a-41fb-830f-832469e3e93b?format=jpeg&r=0000000&w=800,"[""Exterior""]",new,NEW,in stock,YFS70U,Kinna Bil,Kinna,Västra Götalands län,SE,0acea758-e5c9-412b-933a-8cd3c8e269f3,Volvo,16735 kr/mån,Lånebelopp: 851200 kr,Kontantinsats: 212800 kr
5768b182-c8eb-489e-9e93-86d5db430413,Volvo V60 T6 Plus Dark Nordic Edition,T6 Plus Dark Nordic Edition. Från 9 421 kr/mån. Miltal: 336 mil. Årsmodell: 2026. Växellåda: Automat. Bränsle: Bensin. Reg.nr: DRU51E. Kontakta oss för mer information.,https://borasbil.se/bilar/volvo-v60-dru51e,Volvo,V60,2026,3360,KM,Wagon,Gasoline,Automatic,599000 SEK,599000 SEK,https://cdn.wayke.se/cfit/5c65c9d3-f394-41f4-9546-e3a6b999d683/8adbf3c5-c066-4bdc-9dbc-64dd18ea9af5?format=jpeg&r=0000000&w=800,"[""Exterior""]",new,NEW,in stock,DRU51E,Kinna Bil,Kinna,Västra Götalands län,SE,0acea758-e5c9-412b-933a-8cd3c8e269f3,Volvo,9421 kr/mån,Lånebelopp: 479200 kr,Kontantinsats: 119800 kr
446abaf3-3f23-4787-925f-50a31a5997ef,Volvo V60 Recharge T6 Ultimate Dark,Recharge T6 Ultimate Dark. Från 6 747 kr/mån. Miltal: 7 897 mil. Årsmodell: 2024. Växellåda: Automat. Bränsle: Bensin. Reg.nr: WAU73L. Kontakta oss för mer information.,https://borasbil.se/bilar/volvo-v60-wau73l,Volvo,V60,2024,78970,KM,Wagon,Gasoline,Automatic,429000 SEK,429000 SEK,https://cdn.wayke.se/cfit/48752cb0-a8ef-4993-a795-6a0c8869162e/773f6087-a502-4724-b24c-2d5989cd6a84?format=jpeg&r=0000000&w=800,"[""Exterior""]",used,USED,in stock,WAU73L,Kinna Bil,Kinna,Västra Götalands län,SE,0acea758-e5c9-412b-933a-8cd3c8e269f3,Volvo,6747 kr/mån,Lånebelopp: 343200 kr,Kontantinsats: 85800 kr
69395633-140a-4e93-984e-e779dfbb65c9,Volvo C40 Core,Core. Från 5 332 kr/mån. Miltal: 8 735 mil. Årsmodell: 2023. Växellåda: Automat. Bränsle: El. Reg.nr: DRW01B. Kontakta oss för mer information.,https://borasbil.se/bilar/volvo-c40-recharge-twin-motor-drw01b,Volvo,C40,2023,87350,KM,Sedan,Electric,Automatic,339000 SEK,339000 SEK,https://cdn.wayke.se/cfit/38dd10f5-1990-4af3-8f60-2afca798ca29/fffc9d4f-ee32-47ef-ba16-a7c8c40fbd10?format=jpeg&r=0000000&w=800,"[""Exterior""]",used,USED,in stock,DRW01B,Kinna Bil,Kinna,Västra Götalands län,SE,0acea758-e5c9-412b-933a-8cd3c8e269f3,Volvo,5332 kr/mån,Lånebelopp: 271200 kr,Kontantinsats: 67800 kr
756be2a4-f394-4687-bba4-fbef7dd3c282,Volvo C40 Core,Core. Från 4 860 kr/mån. Miltal: 6 507 mil. Årsmodell: 2023. Växellåda: Automat. Bränsle: El. Reg.nr: PBM612. Kontakta oss för mer information.,https://borasbil.se/bilar/volvo-c40-recharge-single-motor-pbm612,Volvo,C40,2023,65070,KM,Sedan,Electric,Automatic,309000 SEK,309000 SEK,https://cdn.wayke.se/cfit/a9cc1b29-a3cc-4f41-aca8-e97b8215ed28/4325fca8-1cc8-4ff8-8786-54fc5123011d?format=jpeg&r=0000000&w=800,"[""Exterior""]",used,USED,in stock,PBM612,Kinna Bil,Kinna,Västra Götalands län,SE,0acea758-e5c9-412b-933a-8cd3c8e269f3,Volvo,4860 kr/mån,Lånebelopp: 247200 kr,Kontantinsats: 61800 kr
d1cdd047-e7f1-443d-83f0-c3a22d41341a,Volvo V60 Recharge T6 Core Edition - Drag!,Recharge T6 Core Edition - Drag!. Från 5 175 kr/mån. Miltal: 10 036 mil. Årsmodell: 2023. Växellåda: Automat. Bränsle: Bensin. Reg.nr: CWD86W. Kontakta oss för mer information.,https://borasbil.se/bilar/volvo-v60-cwd86w,Volvo,V60,2023,100360,KM,Wagon,Gasoline,Automatic,329000 SEK,329000 SEK,https://cdn.wayke.se/cfit/fc10d5e2-33a6-465b-b2cc-b315b431544b/8b35ccc7-1bb7-4a8c-8434-ea1e69963eb4?format=jpeg&r=0000000&w=800,"[""Exterior""]",used,USED,in stock,CWD86W,Kinna Bil,Kinna,Västra Götalands län,SE,0acea758-e5c9-412b-933a-8cd3c8e269f3,Volvo,5175 kr/mån,Lånebelopp: 263200 kr,Kontantinsats: 65800 kr
3810fda5-1589-42f1-94eb-8d8377dd5bb7,Peugeot 2008 GT Electric 5-d SUV,GT Electric 5-d SUV. Från 3 130 kr/mån. Miltal: 3 300 mil. Årsmodell: 2022. Växellåda: Automat. Bränsle: El. Reg.nr: RAE07C. Kontakta oss för mer information.,https://borasbil.se/bilar/peugeot-e-2008-rae07c,Peugeot,2008,2022,33000,KM,Sedan,Electric,Automatic,199000 SEK,199000 SEK,https://cdn.wayke.se/cfit/814958f6-4c82-4f5f-a927-3c31e3daa6ef/af721fc7-8158-4e70-bf4e-16e63d43c97c?format=jpeg&r=0000000&w=800,"[""Exterior""]",used,USED,in stock,RAE07C,Borås Bil,Borås,Västra Götalands län,SE,56b1373f-95bd-4e74-9030-15708ada078d,Peugeot,3130 kr/mån,Lånebelopp: 159200 kr,Kontantinsats: 39800 kr
3cb2f71e-3215-4cc8-ae96-edfd23e3ec0d,Volvo XC60 T8 AWD Inscription,T8 AWD Inscription. Från 4 860 kr/mån. Miltal: 14 215 mil. Årsmodell: 2018. Växellåda: Automat. Bränsle: Bensin. Reg.nr: AWP324. Kontakta oss för mer information.,https://borasbil.se/bilar/volvo-xc60-awp324,Volvo,XC60,2018,142150,KM,SUV,Gasoline,Automatic,309000 SEK,309000 SEK,https://cdn.wayke.se/cfit/64030327-bd66-40ee-8612-914f21ca2f78/3d763b43-8fbb-4c62-b43f-c98ad7a048a6?format=jpeg&r=0000000&w=800,"[""Exterior""]",used,USED,in stock,AWP324,Bogesunds Bil Ulricehamn,Ulricehamn,Västra Götalands län,SE,c2d1288f-1959-4cbe-afd2-9e60608c9a6b,Volvo,4860 kr/mån,Lånebelopp: 247200 kr,Kontantinsats: 61800 kr
82e41c80-784f-43e6-81a7-601e0dc9fdb2,Volvo V60 T6 Plus Dark Nordic Edition,T6 Plus Dark Nordic Edition. Från 9 224 kr/mån. Årsmodell: 2026. Växellåda: Automat. Bränsle: Bensin. Reg.nr: KRB21A. Kontakta oss för mer information.,https://borasbil.se/bilar/volvo-v60-krb21a,Volvo,V60,2026,1,KM,Wagon,Gasoline,Automatic,586500 SEK,586500 SEK,https://cdn.wayke.se/cfit/8f23f244-e784-4b5a-a751-700e6c5e0b26/b452b2f0-c38a-441a-b7a3-08069444fc6a?format=jpeg&r=0000000&w=800,"[""Exterior""]",new,NEW,in stock,KRB21A,Bogesunds Bil Ulricehamn,Ulricehamn,Västra Götalands län,SE,c2d1288f-1959-4cbe-afd2-9e60608c9a6b,Volvo,9224 kr/mån,Lånebelopp: 469200 kr,Kontantinsats: 117300 kr
3806e2ea-8116-4209-a17d-e965f0b47d38,Lynk & Co 01 Core,Core. Från 7 078 kr/mån. Miltal: 1 mil. Årsmodell: 2025. Växellåda: Automat. Bränsle: Bensin. Reg.nr: OJB21Z. Kontakta oss för mer information.,https://borasbil.se/bilar/lynk-co-01-phev-ojb21z,Lynk & Co,01,2025,10,KM,Sedan,Gasoline,Automatic,449995 SEK,449995 SEK,https://cdn.wayke.se/cfit/ca68e258-92db-447f-a194-ffcea3d5b73b/2e9e4686-0bec-4ef7-90a9-6cd9b42a941f?format=jpeg&r=0000000&w=800,"[""Exterior""]",used,USED,in stock,OJB21Z,Bogesunds Bil Ulricehamn,Ulricehamn,Västra Götalands län,SE,c2d1288f-1959-4cbe-afd2-9e60608c9a6b,Lynk & Co,7078 kr/mån,Lånebelopp: 359996 kr,Kontantinsats: 89999 kr
ab5bc53d-c786-4451-b8f5-210df41561d1,Volvo XC60 T6 Plus Dark Nordic Edition,T6 Plus Dark Nordic Edition. Från 9 893 kr/mån. Miltal: 23 mil. Årsmodell: 2026. Växellåda: Automat. Bränsle: Bensin. Reg.nr: LTG92W. Kontakta oss för mer information.,https://borasbil.se/bilar/volvo-xc60-ltg92w,Volvo,XC60,2026,230,KM,SUV,Gasoline,Automatic,629000 SEK,629000 SEK,https://cdn.wayke.se/cfit/cb7e85a4-05a7-4a3e-b84a-556cfa906980/88ec5baa-c377-427f-b596-d30356952abc?format=jpeg&r=0000000&w=800,"[""Exterior""]",new,NEW,in stock,LTG92W,Bogesunds Bil Ulricehamn,Ulricehamn,Västra Götalands län,SE,c2d1288f-1959-4cbe-afd2-9e60608c9a6b,Volvo,9893 kr/mån,Lånebelopp: 503200 kr,Kontantinsats: 125800 kr
ad2957be-fe2a-48de-82dd-18075f6d40e7,Volvo XC40 Core,Core. Från 5 489 kr/mån. Miltal: 6 966 mil. Årsmodell: 2023. Växellåda: Automat. Bränsle: El. Reg.nr: URC69S. Kontakta oss för mer information.,https://borasbil.se/bilar/volvo-xc40-recharge-twin-motor-urc69s,Volvo,XC40,2023,69660,KM,SUV,Electric,Automatic,349000 SEK,349000 SEK,https://cdn.wayke.se/cfit/f6e961fb-f8cb-4a37-93b3-e875bd239250/2663fcf3-ef23-48cf-92e4-a6165bc7d4f7?format=jpeg&r=0000000&w=800,"[""Exterior""]",used,USED,in stock,URC69S,Kinna Bil,Kinna,Västra Götalands län,SE,0acea758-e5c9-412b-933a-8cd3c8e269f3,Volvo,5489 kr/mån,Lånebelopp: 279200 kr,Kontantinsats: 69800 kr
7fb7e8a6-a413-43e0-bae0-bf6456e683d3,"Citroën C5 Aircross FL SHINE A backamera, Apple carplay","FL SHINE A backamera, Apple carplay. Från 4 388 kr/mån. Miltal: 1 673 mil. Årsmodell: 2024. Växellåda: Automat. Bränsle: Elhybrid. Reg.nr: CEG03F. Kontakta oss för mer information.",https://borasbil.se/bilar/citroen-c5-aircross-hybrid-136-ceg03f,Citroën,C5 Aircross,2024,16730,KM,SUV,Hybrid,Automatic,279000 SEK,279000 SEK,https://cdn.wayke.se/cfit/e09bdc68-850a-4fb8-bf3d-eda52e72b147/31e388e5-ff6b-4fc6-8cac-53c8912229d3?format=jpeg&r=0000000&w=800,"[""Exterior""]",used,USED,in stock,CEG03F,Bogesunds Bil Ulricehamn,Ulricehamn,Västra Götalands län,SE,c2d1288f-1959-4cbe-afd2-9e60608c9a6b,Citroën,4388 kr/mån,Lånebelopp: 223200 kr,Kontantinsats: 55800 kr
b711b577-c441-4fa6-a851-2ac1d939a44d,Volvo C40 Ultimate. Drag,Ultimate. Drag. Från 5 489 kr/mån. Miltal: 6 088 mil. Årsmodell: 2023. Växellåda: Automat. Bränsle: El. Reg.nr: WRJ84K. Kontakta oss för mer information.,https://borasbil.se/bilar/volvo-c40-recharge-single-motor-wrj84k,Volvo,C40,2023,60880,KM,Sedan,Electric,Automatic,349000 SEK,349000 SEK,https://cdn.wayke.se/cfit/af3b25dd-3e65-4049-b0e0-088199d18a07/380cd7e2-7359-4159-a414-daf8fec9b3df?format=jpeg&r=0000000&w=800,"[""Exterior""]",used,USED,in stock,WRJ84K,Bogesunds Bil Ulricehamn,Ulricehamn,Västra Götalands län,SE,c2d1288f-1959-4cbe-afd2-9e60608c9a6b,Volvo,5489 kr/mån,Lånebelopp: 279200 kr,Kontantinsats: 69800 kr
f171a721-3c94-42ce-aa55-7e466da530ba,Volvo C40 Plus Edition - Tonade rutor,Plus Edition - Tonade rutor. Från 5 017 kr/mån. Miltal: 6 630 mil. Årsmodell: 2023. Växellåda: Automat. Bränsle: El. Reg.nr: BWA12K. Kontakta oss för mer information.,https://borasbil.se/bilar/volvo-c40-recharge-single-motor-bwa12k,Volvo,C40,2023,66300,KM,Sedan,Electric,Automatic,319000 SEK,319000 SEK,https://cdn.wayke.se/cfit/13a744bc-fcd1-436f-86b8-432eb4df98fa/8e7515df-d14f-41ff-8638-aa3cd6c66ef1?format=jpeg&r=0000000&w=800,"[""Exterior""]",used,USED,in stock,BWA12K,Kinna Bil,Kinna,Västra Götalands län,SE,0acea758-e5c9-412b-933a-8cd3c8e269f3,Volvo,5017 kr/mån,Lånebelopp: 255200 kr,Kontantinsats: 63800 kr
f23e8848-811e-45fd-a4bc-9a020b1a7fe1,Volvo XC90 T8 Ultra Dark,T8 Ultra Dark. Från 13 353 kr/mån. Miltal: 1 644 mil. Årsmodell: 2026. Växellåda: Automat. Bränsle: Bensin. Reg.nr: NRR16L. Kontakta oss för mer information.,https://borasbil.se/bilar/volvo-xc90-nrr16l,Volvo,XC90,2026,16440,KM,SUV,Gasoline,Automatic,849000 SEK,849000 SEK,https://cdn.wayke.se/cfit/8c3874bc-b6bd-42a3-9ca5-c3f6f7d0c934/e8f64b42-7f09-4619-b6ae-fdb842b88dfa?format=jpeg&r=0000000&w=800,"[""Exterior""]",new,NEW,in stock,NRR16L,Borås Bil,Borås,Västra Götalands län,SE,56b1373f-95bd-4e74-9030-15708ada078d,Volvo,13353 kr/mån,Lånebelopp: 679200 kr,Kontantinsats: 169800 kr
ff73ff19-a5a0-4de5-8e7e-f62d26582114,Citroën Jumpy Skåp BusPre L3 BHDi 180 A,Skåp BusPre L3 BHDi 180 A. Från 5 175 kr/mån. Miltal: 3 980 mil. Årsmodell: 2023. Växellåda: Automat. Bränsle: Diesel. Reg.nr: JAH48F. Kontakta oss för mer information.,https://borasbil.se/bilar/citroen-jumpy-van-ip-jah48f,Citroën,Jumpy,2023,39800,KM,Sedan,Diesel,Automatic,329000 SEK,329000 SEK,https://cdn.wayke.se/cfit/48c84d01-f502-4c41-bd06-4ae302107d76/1af629f3-83b2-4721-a8db-c979f921033b?format=jpeg&r=0000000&w=800,"[""Exterior""]",used,USED,in stock,JAH48F,Borås Bil,Borås,Västra Götalands län,SE,56b1373f-95bd-4e74-9030-15708ada078d,Citroën,5175 kr/mån,Lånebelopp: 263200 kr,Kontantinsats: 65800 kr
a8a4e132-cb39-4dad-8b7a-79ac27f14809,Volvo EX30 Plus,Plus. Från 7 219 kr/mån. Miltal: 317 mil. Årsmodell: 2026. Växellåda: Automat. Bränsle: El. Reg.nr: CTW49F. Kontakta oss för mer information.,https://borasbil.se/bilar/volvo-ex30-single-motor-extended-range-ctw49f,Volvo,EX30,2026,3170,KM,SUV,Electric,Automatic,459000 SEK,459000 SEK,https://cdn.wayke.se/cfit/39687b90-db2f-48a9-8b0f-737c03f9dcd1/e4d6fdc8-8a9d-45eb-9246-710fb8eb842a?format=jpeg&r=0000000&w=800,"[""Exterior""]",new,NEW,in stock,CTW49F,Borås Bil,Borås,Västra Götalands län,SE,56b1373f-95bd-4e74-9030-15708ada078d,Volvo,7219 kr/mån,Lånebelopp: 367200 kr,Kontantinsats: 91800 kr
5e35e1f2-85ce-4c95-906a-4a0839981f46,Volvo XC90 T8 Ultra Black Edition,T8 Ultra Black Edition. Från 16 735 kr/mån. Årsmodell: 2026. Växellåda: Automat. Bränsle: Bensin. Reg.nr: MGS22E. Kontakta oss för mer information.,https://borasbil.se/bilar/volvo-xc90-mgs22e,Volvo,XC90,2026,1,KM,SUV,Gasoline,Automatic,1064000 SEK,1064000 SEK,https://cdn.wayke.se/cfit/9c1def54-0776-4878-822d-77ad672c4700/520e5a33-b7ba-4c16-8277-82cd537cbcbd?format=jpeg&r=0000000&w=800,"[""Exterior""]",new,NEW,in stock,MGS22E,Borås Bil,Borås,Västra Götalands län,SE,56b1373f-95bd-4e74-9030-15708ada078d,Volvo,16735 kr/mån,Lånebelopp: 851200 kr,Kontantinsats: 212800 kr
114195f1-ee76-4cca-8fcc-32899aa7a1dc,Volvo XC90 II T8 Ultra Bright,II T8 Ultra Bright. Från 14 926 kr/mån. Årsmodell: 2025. Växellåda: Automat. Bränsle: Bensin. Reg.nr: KPR02R. Kontakta oss för mer information.,https://borasbil.se/bilar/volvo-xc90-7-saten-kpr02r,Volvo,XC90,2025,1,KM,SUV,Gasoline,Automatic,949000 SEK,949000 SEK,https://cdn.wayke.se/cfit/eb41a851-ce18-48f5-9cce-3e0d4032683a/b5f919f7-db1e-44a5-a1b5-700a5f121385?format=jpeg&r=0000000&w=800,"[""Exterior""]",used,USED,in stock,KPR02R,Borås Bil,Borås,Västra Götalands län,SE,56b1373f-95bd-4e74-9030-15708ada078d,Volvo,14926 kr/mån,Lånebelopp: 759200 kr,Kontantinsats: 189800 kr
6f549c58-a260-4fd3-9a50-89de1490d1ba,Volvo C40 Plus Edition,Plus Edition. Från 5 175 kr/mån. Miltal: 4 491 mil. Årsmodell: 2023. Växellåda: Automat. Bränsle: El. Reg.nr: PUC07G. Kontakta oss för mer information.,https://borasbil.se/bilar/volvo-c40-recharge-single-motor-puc07g,Volvo,C40,2023,44910,KM,Sedan,Electric,Automatic,329000 SEK,329000 SEK,https://cdn.wayke.se/cfit/99edbcc3-9a2a-45b4-90d0-d3b651ca04de/7164abd1-27bc-4975-b584-3321fee27b27?format=jpeg&r=0000000&w=800,"[""Exterior""]",used,USED,in stock,PUC07G,Borås Bil,Borås,Västra Götalands län,SE,56b1373f-95bd-4e74-9030-15708ada078d,Volvo,5175 kr/mån,Lånebelopp: 263200 kr,Kontantinsats: 65800 kr
05ef6742-36d7-4da5-96dd-985957fa8e9c,Volvo XC60 T6 Plus Black Nordic Edition,T6 Plus Black Nordic Edition. Från 10 679 kr/mån. Miltal: 500 mil. Årsmodell: 2026. Växellåda: Automat. Bränsle: Bensin. Reg.nr: RRP77U. Kontakta oss för mer information.,https://borasbil.se/bilar/volvo-xc60-rrp77u,Volvo,XC60,2026,5000,KM,SUV,Gasoline,Automatic,679000 SEK,679000 SEK,https://cdn.wayke.se/cfit/d4f35980-ce3e-4df1-8ad9-1af0e7925283/2daf297d-707b-4fd4-b4ae-7b56100818b7?format=jpeg&r=0000000&w=800,"[""Exterior""]",new,NEW,in stock,RRP77U,Kinna Bil,Kinna,Västra Götalands län,SE,0acea758-e5c9-412b-933a-8cd3c8e269f3,Volvo,10679 kr/mån,Lånebelopp: 543200 kr,Kontantinsats: 135800 kr
311939fc-550e-4e4f-8d0d-2e379015dac1,Volvo XC40 Core Edition - Tonade rutor,Core Edition - Tonade rutor. Från 4 545 kr/mån. Miltal: 8 461 mil. Årsmodell: 2023. Växellåda: Automat. Bränsle: El. Reg.nr: BCE12J. Kontakta oss för mer information.,https://borasbil.se/bilar/volvo-xc40-recharge-single-motor-bce12j,Volvo,XC40,2023,84610,KM,SUV,Electric,Automatic,289000 SEK,289000 SEK,https://cdn.wayke.se/cfit/2ef1c89d-6cb4-4367-8be9-35e40594a1ec/656e7066-87d0-40e2-a1d0-83c3ba898621?format=jpeg&r=0000000&w=800,"[""Exterior""]",used,USED,in stock,BCE12J,Kinna Bil,Kinna,Västra Götalands län,SE,0acea758-e5c9-412b-933a-8cd3c8e269f3,Volvo,4545 kr/mån,Lånebelopp: 231200 kr,Kontantinsats: 57800 kr
1730a19e-1e92-46f1-ad99-0a4fe5f074fd,Citroën C4 SHINE Pure Tech 130 A 5-d,SHINE Pure Tech 130 A 5-d. Från 3 130 kr/mån. Miltal: 4 650 mil. Årsmodell: 2024. Växellåda: Automat. Bränsle: Bensin. Reg.nr: WBH95R. Kontakta oss för mer information.,https://borasbil.se/bilar/citroen-c4-wbh95r,Citroën,C4,2024,46500,KM,Sedan,Gasoline,Automatic,199000 SEK,199000 SEK,https://cdn.wayke.se/cfit/d7c3a4f8-1f90-4f84-b049-ab0c82cd3754/3aff0967-01a3-4595-b865-1f38b22f382c?format=jpeg&r=0000000&w=800,"[""Exterior""]",used,USED,in stock,WBH95R,Borås Bil,Borås,Västra Götalands län,SE,56b1373f-95bd-4e74-9030-15708ada078d,Citroën,3130 kr/mån,Lånebelopp: 159200 kr,Kontantinsats: 39800 kr
e98ef56d-72b9-4817-a548-e81feba575df,Volvo XC40 Core,Core. Från 4 074 kr/mån. Miltal: 11 227 mil. Årsmodell: 2023. Växellåda: Automat. Bränsle: El. Reg.nr: GXA73B. Kontakta oss för mer information.,https://borasbil.se/bilar/volvo-xc40-recharge-single-motor-gxa73b,Volvo,XC40,2023,112270,KM,SUV,Electric,Automatic,259000 SEK,259000 SEK,https://cdn.wayke.se/cfit/2db9bc6e-53c0-44fa-870f-842bd37652ff/6519846d-0e13-4b12-8d09-c5260970619b?format=jpeg&r=0000000&w=800,"[""Exterior""]",used,USED,in stock,GXA73B,Borås Bil,Borås,Västra Götalands län,SE,56b1373f-95bd-4e74-9030-15708ada078d,Volvo,4074 kr/mån,Lånebelopp: 207200 kr,Kontantinsats: 51800 kr
80fd70b2-363a-42b3-a529-9e4f4f3e6921,Polestar 4 - Pilot pack,- Pilot pack. Från 8 163 kr/mån. Miltal: 5 036 mil. Årsmodell: 2025. Växellåda: Automat. Bränsle: El. Reg.nr: MJA88C. Kontakta oss för mer information.,https://borasbil.se/bilar/polestar-4-long-range-single-motor-mja88c,Polestar,4,2025,50360,KM,Sedan,Electric,Automatic,519000 SEK,519000 SEK,https://cdn.wayke.se/cfit/957c8a3b-22cc-4c5b-9a07-2ad2dca65cac/b23bb390-566c-469f-9750-6f6e4ba69840?format=jpeg&r=0000000&w=800,"[""Exterior""]",used,USED,in stock,MJA88C,Kinna Bil,Kinna,Västra Götalands län,SE,0acea758-e5c9-412b-933a-8cd3c8e269f3,Polestar,8163 kr/mån,Lånebelopp: 415200 kr,Kontantinsats: 103800 kr
b45d2c40-37dc-4b1e-8a51-75b180227087,Volvo XC40 Ultimate,Ultimate. Från 5 804 kr/mån. Miltal: 7 086 mil. Årsmodell: 2023. Växellåda: Automat. Bränsle: El. Reg.nr: REY56S. Kontakta oss för mer information.,https://borasbil.se/bilar/volvo-xc40-recharge-twin-motor-rey56s,Volvo,XC40,2023,70860,KM,SUV,Electric,Automatic,369000 SEK,369000 SEK,https://cdn.wayke.se/cfit/0ab3fabf-5e01-4165-9ec6-0181d119e1cd/08e9cc13-a8f5-46fb-be42-1641a0318575?format=jpeg&r=0000000&w=800,"[""Exterior""]",used,USED,in stock,REY56S,Kinna Bil,Kinna,Västra Götalands län,SE,0acea758-e5c9-412b-933a-8cd3c8e269f3,Volvo,5804 kr/mån,Lånebelopp: 295200 kr,Kontantinsats: 73800 kr
24af1a13-d539-455a-8fad-1043c2d8959b,Peugeot 2008 GT Electric 5-d SUV,GT Electric 5-d SUV. Från 3 287 kr/mån. Miltal: 2 604 mil. Årsmodell: 2022. Växellåda: Automat. Bränsle: El. Reg.nr: GHU19C. Kontakta oss för mer information.,https://borasbil.se/bilar/peugeot-e-2008-ghu19c,Peugeot,2008,2022,26040,KM,Sedan,Electric,Automatic,209000 SEK,209000 SEK,https://cdn.wayke.se/cfit/9af0a42f-2c7b-4886-8da4-361125c0b177/a7bab3c0-38cb-47f6-9856-0f0e59f7b923?format=jpeg&r=0000000&w=800,"[""Exterior""]",used,USED,in stock,GHU19C,Borås Bil,Borås,Västra Götalands län,SE,56b1373f-95bd-4e74-9030-15708ada078d,Peugeot,3287 kr/mån,Lånebelopp: 167200 kr,Kontantinsats: 41800 kr
5ba86380-82d1-443f-b9aa-f52e33ec211b,Polestar 2,Från 6 275 kr/mån. Miltal: 3 974 mil. Årsmodell: 2024. Växellåda: Automat. Bränsle: El. Reg.nr: THR14P. Kontakta oss för mer information.,https://borasbil.se/bilar/polestar-2-long-range-single-motor-thr14p,Polestar,2,2024,39740,KM,Sedan,Electric,Automatic,399000 SEK,399000 SEK,https://cdn.wayke.se/cfit/3d4d742c-fe14-4564-b7ea-3c9ad2ebf723/915ba1f4-2cee-4344-9577-8312cab8699a?format=jpeg&r=0000000&w=800,"[""Exterior""]",used,USED,in stock,THR14P,Kinna Bil,Kinna,Västra Götalands län,SE,0acea758-e5c9-412b-933a-8cd3c8e269f3,Polestar,6275 kr/mån,Lånebelopp: 319200 kr,Kontantinsats: 79800 kr
96eedaf9-d0d0-4407-9660-57e6c57b92a5,Peugeot 2008 GT Electric 5-d SUV,GT Electric 5-d SUV. Från 3 287 kr/mån. Miltal: 3 664 mil. Årsmodell: 2022. Växellåda: Automat. Bränsle: El. Reg.nr: UAS62X. Kontakta oss för mer information.,https://borasbil.se/bilar/peugeot-e-2008-uas62x,Peugeot,2008,2022,36640,KM,Sedan,Electric,Automatic,209000 SEK,209000 SEK,https://cdn.wayke.se/cfit/198594c7-a732-4757-a08d-a713bf69d6a4/6bb8de85-a916-4987-a744-fa10ae87efc8?format=jpeg&r=0000000&w=800,"[""Exterior""]",used,USED,in stock,UAS62X,Borås Bil,Borås,Västra Götalands län,SE,56b1373f-95bd-4e74-9030-15708ada078d,Peugeot,3287 kr/mån,Lånebelopp: 167200 kr,Kontantinsats: 41800 kr
5dad17b8-9451-4b50-8956-57155fe40d2a,Volvo XC90 T8 Ultra Dark,T8 Ultra Dark. Från 15 712 kr/mån. Miltal: 325 mil. Årsmodell: 2026. Växellåda: Automat. Bränsle: Bensin. Reg.nr: KJB32G. Kontakta oss för mer information.,https://borasbil.se/bilar/volvo-xc90-kjb32g,Volvo,XC90,2026,3250,KM,SUV,Gasoline,Automatic,999000 SEK,999000 SEK,https://cdn.wayke.se/cfit/8fb884c3-c8a8-4c9e-addc-0f6ce1a0f54d/21a41ed1-d69b-40db-bca2-128cdbb32567?format=jpeg&r=0000000&w=800,"[""Exterior""]",new,NEW,in stock,KJB32G,Borås Bil,Borås,Västra Götalands län,SE,56b1373f-95bd-4e74-9030-15708ada078d,Volvo,15712 kr/mån,Lånebelopp: 799200 kr,Kontantinsats: 199800 kr
49b61b40-55ef-4e0e-b982-62ed6329738d,Volvo V60 T6 Plus Dark Nordic Edition,T6 Plus Dark Nordic Edition. Från 7 848 kr/mån. Miltal: 1 402 mil. Årsmodell: 2026. Växellåda: Automat. Bränsle: Bensin. Reg.nr: GHL68B. Kontakta oss för mer information.,https://borasbil.se/bilar/volvo-v60-ghl68b,Volvo,V60,2026,14020,KM,Wagon,Gasoline,Automatic,499000 SEK,499000 SEK,https://cdn.wayke.se/cfit/77da489b-ee00-4327-ab47-7df1cbcc374e/e545233d-d6fd-43ff-a8d3-477d15becb8d?format=jpeg&r=0000000&w=800,"[""Exterior""]",new,NEW,in stock,GHL68B,Bogesunds Bil Ulricehamn,Ulricehamn,Västra Götalands län,SE,c2d1288f-1959-4cbe-afd2-9e60608c9a6b,Volvo,7848 kr/mån,Lånebelopp: 399200 kr,Kontantinsats: 99800 kr
23c1835a-b90d-4919-99cc-299b30f0baeb,Volvo V60 T6 Plus Dark Nordic Edition,T6 Plus Dark Nordic Edition. Från 7 848 kr/mån. Miltal: 1 336 mil. Årsmodell: 2026. Växellåda: Automat. Bränsle: Bensin. Reg.nr: DFH51T. Kontakta oss för mer information.,https://borasbil.se/bilar/volvo-v60-dfh51t,Volvo,V60,2026,13360,KM,Wagon,Gasoline,Automatic,499000 SEK,499000 SEK,https://cdn.wayke.se/cfit/9328f2a1-ec81-41c1-8509-38e08a3ad29f/437db579-3d13-4a1a-a4fe-0813357999ab?format=jpeg&r=0000000&w=800,"[""Exterior""]",new,NEW,in stock,DFH51T,Bogesunds Bil Ulricehamn,Ulricehamn,Västra Götalands län,SE,c2d1288f-1959-4cbe-afd2-9e60608c9a6b,Volvo,7848 kr/mån,Lånebelopp: 399200 kr,Kontantinsats: 99800 kr
3902659f-fb59-45da-9a7d-c807ad1d465d,Volvo V90 T6 Plus Dark Nordic Edition,T6 Plus Dark Nordic Edition. Från 8 320 kr/mån. Miltal: 1 685 mil. Årsmodell: 2026. Växellåda: Automat. Bränsle: Bensin. Reg.nr: JBL77T. Kontakta oss för mer information.,https://borasbil.se/bilar/volvo-v90-jbl77t,Volvo,V90,2026,16850,KM,Wagon,Gasoline,Automatic,529000 SEK,529000 SEK,https://cdn.wayke.se/cfit/7a6ac93f-e88b-42e7-bba6-dbcb08da30ea/49437e33-8074-4f47-a604-46d06cb673be?format=jpeg&r=0000000&w=800,"[""Exterior""]",new,NEW,in stock,JBL77T,Bogesunds Bil Ulricehamn,Ulricehamn,Västra Götalands län,SE,c2d1288f-1959-4cbe-afd2-9e60608c9a6b,Volvo,8320 kr/mån,Lånebelopp: 423200 kr,Kontantinsats: 105800 kr
b70cb65b-9970-4680-a3c4-8eaba461069f,Volvo XC40 Plus Edition,Plus Edition. Från 4 703 kr/mån. Miltal: 6 423 mil. Årsmodell: 2023. Växellåda: Automat. Bränsle: El. Reg.nr: SFA77F. Kontakta oss för mer information.,https://borasbil.se/bilar/volvo-xc40-recharge-single-motor-sfa77f,Volvo,XC40,2023,64230,KM,SUV,Electric,Automatic,299000 SEK,299000 SEK,https://cdn.wayke.se/cfit/01667c20-7d78-4dd6-863c-cc9328e94055/aa97dbc6-a348-4ec7-b792-f145d02e2d84?format=jpeg&r=0000000&w=800,"[""Exterior""]",used,USED,in stock,SFA77F,Bogesunds Bil Ulricehamn,Ulricehamn,Västra Götalands län,SE,c2d1288f-1959-4cbe-afd2-9e60608c9a6b,Volvo,4703 kr/mån,Lånebelopp: 239200 kr,Kontantinsats: 59800 kr
687b1191-4c7d-499a-bf42-d25e94269e98,Volvo XC40 Core,Core. Från 5 017 kr/mån. Miltal: 9 006 mil. Årsmodell: 2023. Växellåda: Automat. Bränsle: El. Reg.nr: WAB76R. Kontakta oss för mer information.,https://borasbil.se/bilar/volvo-xc40-recharge-twin-motor-wab76r,Volvo,XC40,2023,90060,KM,SUV,Electric,Automatic,319000 SEK,319000 SEK,https://cdn.wayke.se/cfit/cbb62f59-4fa1-4dd0-943d-197f0874eeed/97319981-4b29-4fe1-b3e8-4d842ecf366d?format=jpeg&r=0000000&w=800,"[""Exterior""]",used,USED,in stock,WAB76R,Kinna Bil,Kinna,Västra Götalands län,SE,0acea758-e5c9-412b-933a-8cd3c8e269f3,Volvo,5017 kr/mån,Lånebelopp: 255200 kr,Kontantinsats: 63800 kr
8808dbe9-397e-4608-b531-0cfa55d5a55a,Polestar 2 69kWh Plus Pilot,69kWh Plus Pilot. Från 5 017 kr/mån. Miltal: 4 919 mil. Årsmodell: 2023. Växellåda: Automat. Bränsle: El. Reg.nr: BFN92C. Kontakta oss för mer information.,https://borasbil.se/bilar/polestar-2-standard-range-single-motor-bfn92c,Polestar,2,2023,49190,KM,Sedan,Electric,Automatic,319000 SEK,319000 SEK,https://cdn.wayke.se/cfit/00b069f1-ad94-4fab-a0b2-3292d975713e/77272815-5984-4da8-8f5d-3a575c826bc2?format=jpeg&r=0000000&w=800,"[""Exterior""]",used,USED,in stock,BFN92C,Kinna Bil,Kinna,Västra Götalands län,SE,0acea758-e5c9-412b-933a-8cd3c8e269f3,Polestar,5017 kr/mån,Lånebelopp: 255200 kr,Kontantinsats: 63800 kr
5e6ae2f6-6b4d-4789-9794-7741465ed1d5,Volvo C40 Ultimate,Ultimate. Från 5 804 kr/mån. Miltal: 6 915 mil. Årsmodell: 2023. Växellåda: Automat. Bränsle: El. Reg.nr: LBC17J. Kontakta oss för mer information.,https://borasbil.se/bilar/volvo-c40-recharge-twin-motor-lbc17j,Volvo,C40,2023,69150,KM,Sedan,Electric,Automatic,369000 SEK,369000 SEK,https://cdn.wayke.se/cfit/768995b1-ff27-4fcf-9712-dc40f55f9ab0/92bbc26b-0fba-4d3f-81b3-a7724802e236?format=jpeg&r=0000000&w=800,"[""Exterior""]",used,USED,in stock,LBC17J,Kinna Bil,Kinna,Västra Götalands län,SE,0acea758-e5c9-412b-933a-8cd3c8e269f3,Volvo,5804 kr/mån,Lånebelopp: 295200 kr,Kontantinsats: 73800 kr
e4d04d44-b053-4ab8-b604-9bf0db8995b6,Volvo V90 T6 Plus Dark Nordic Edition,T6 Plus Dark Nordic Edition. Från 8 320 kr/mån. Miltal: 1 808 mil. Årsmodell: 2026. Växellåda: Automat. Bränsle: Bensin. Reg.nr: EAH98H. Kontakta oss för mer information.,https://borasbil.se/bilar/volvo-v90-eah98h,Volvo,V90,2026,18080,KM,Wagon,Gasoline,Automatic,529000 SEK,529000 SEK,https://cdn.wayke.se/cfit/6ab20cd0-4ffe-4c27-8741-04236fe68ca2/699ff83d-8632-400a-8542-4e8b2139152d?format=jpeg&r=0000000&w=800,"[""Exterior""]",new,NEW,in stock,EAH98H,Bogesunds Bil Ulricehamn,Ulricehamn,Västra Götalands län,SE,c2d1288f-1959-4cbe-afd2-9e60608c9a6b,Volvo,8320 kr/mån,Lånebelopp: 423200 kr,Kontantinsats: 105800 kr
a2d1796b-66d6-4466-b0ba-9c37738ef770,Volvo V90 T6 Plus Dark Nordic Edition,T6 Plus Dark Nordic Edition. Från 8 320 kr/mån. Miltal: 1 804 mil. Årsmodell: 2026. Växellåda: Automat. Bränsle: Bensin. Reg.nr: HHR67N. Kontakta oss för mer information.,https://borasbil.se/bilar/volvo-v90-hhr67n,Volvo,V90,2026,18040,KM,Wagon,Gasoline,Automatic,529000 SEK,529000 SEK,https://cdn.wayke.se/cfit/8f1a76eb-275c-40e1-ae22-0b6183f41311/db8d4d61-fb86-4884-94b7-1b50f6dcb3c4?format=jpeg&r=0000000&w=800,"[""Exterior""]",new,NEW,in stock,HHR67N,Bogesunds Bil Ulricehamn,Ulricehamn,Västra Götalands län,SE,c2d1288f-1959-4cbe-afd2-9e60608c9a6b,Volvo,8320 kr/mån,Lånebelopp: 423200 kr,Kontantinsats: 105800 kr
5aed24c1-d23f-4a28-b046-580176847e41,Volvo C40 Core,Core. Från 5 646 kr/mån. Miltal: 4 415 mil. Årsmodell: 2023. Växellåda: Automat. Bränsle: El. Reg.nr: BBM82G. Kontakta oss för mer information.,https://borasbil.se/bilar/volvo-c40-recharge-twin-motor-bbm82g,Volvo,C40,2023,44150,KM,Sedan,Electric,Automatic,359000 SEK,359000 SEK,https://cdn.wayke.se/cfit/0ce9e56b-5f47-4115-ba4d-20233e683933/b9ed79bd-b886-4233-9ad3-050522cc89f0?format=jpeg&r=0000000&w=800,"[""Exterior""]",used,USED,in stock,BBM82G,Bogesunds Bil Ulricehamn,Ulricehamn,Västra Götalands län,SE,c2d1288f-1959-4cbe-afd2-9e60608c9a6b,Volvo,5646 kr/mån,Lånebelopp: 287200 kr,Kontantinsats: 71800 kr
7640f8f9-5dda-407e-8c2e-d7ddac30ee47,Volvo C40 Ultimate,Ultimate. Från 5 489 kr/mån. Miltal: 6 150 mil. Årsmodell: 2023. Växellåda: Automat. Bränsle: El. Reg.nr: MWA16M. Kontakta oss för mer information.,https://borasbil.se/bilar/volvo-c40-recharge-single-motor-mwa16m,Volvo,C40,2023,61500,KM,Sedan,Electric,Automatic,349000 SEK,349000 SEK,https://cdn.wayke.se/cfit/caaeb210-2540-4f41-8e96-145dfc17b5a6/0aba0418-f776-4d16-8a48-38ea363bf1f5?format=jpeg&r=0000000&w=800,"[""Exterior""]",used,USED,in stock,MWA16M,Bogesunds Bil Ulricehamn,Ulricehamn,Västra Götalands län,SE,c2d1288f-1959-4cbe-afd2-9e60608c9a6b,Volvo,5489 kr/mån,Lånebelopp: 279200 kr,Kontantinsats: 69800 kr
1dc4eb37-03b5-4511-a3e3-830ffe74bea2,Polestar 2 69kWh Plus,69kWh Plus. Från 4 703 kr/mån. Miltal: 6 629 mil. Årsmodell: 2023. Växellåda: Automat. Bränsle: El. Reg.nr: KTW007. Kontakta oss för mer information.,https://borasbil.se/bilar/polestar-2-standard-range-single-motor-ktw007,Polestar,2,2023,66290,KM,Sedan,Electric,Automatic,299000 SEK,299000 SEK,https://cdn.wayke.se/cfit/c6c6def4-8567-4330-aa61-cd0425e90f31/65606b17-db05-473b-8477-1eaac3ea7863?format=jpeg&r=0000000&w=800,"[""Exterior""]",used,USED,in stock,KTW007,Kinna Bil,Kinna,Västra Götalands län,SE,0acea758-e5c9-412b-933a-8cd3c8e269f3,Polestar,4703 kr/mån,Lånebelopp: 239200 kr,Kontantinsats: 59800 kr
ff80e592-ea2d-4766-8356-09f43fc055dd,Volvo XC40 Ultimate,Ultimate. Från 5 804 kr/mån. Miltal: 3 656 mil. Årsmodell: 2023. Växellåda: Automat. Bränsle: El. Reg.nr: YCE970. Kontakta oss för mer information.,https://borasbil.se/bilar/volvo-xc40-recharge-single-motor-yce970,Volvo,XC40,2023,36560,KM,SUV,Electric,Automatic,369000 SEK,369000 SEK,https://cdn.wayke.se/cfit/a257b993-8502-429d-be17-5826fb344e83/58547e52-d97b-4105-870c-34a0b9d8836b?format=jpeg&r=0000000&w=800,"[""Exterior""]",used,USED,in stock,YCE970,Borås Bil,Borås,Västra Götalands län,SE,56b1373f-95bd-4e74-9030-15708ada078d,Volvo,5804 kr/mån,Lånebelopp: 295200 kr,Kontantinsats: 73800 kr
ed48379a-a67c-4b6c-9789-2ffc3847c265,Volvo V60 Recharge T6 II Ultimate Dark,Recharge T6 II Ultimate Dark. Från 7 848 kr/mån. Miltal: 2 693 mil. Årsmodell: 2024. Växellåda: Automat. Bränsle: Bensin. Reg.nr: RSR01P. Kontakta oss för mer information.,https://borasbil.se/bilar/volvo-v60-rsr01p,Volvo,V60,2024,26930,KM,Wagon,Gasoline,Automatic,499000 SEK,499000 SEK,https://cdn.wayke.se/cfit/d33fedfd-707e-48d8-bb01-ecff072faec6/ddfdce01-ee70-4456-a5ef-17d39e032d0d?format=jpeg&r=0000000&w=800,"[""Exterior""]",used,USED,in stock,RSR01P,Borås Bil,Borås,Västra Götalands län,SE,56b1373f-95bd-4e74-9030-15708ada078d,Volvo,7848 kr/mån,Lånebelopp: 399200 kr,Kontantinsats: 99800 kr
8b396b0e-a383-4f94-8149-83d12c378a69,Volvo C40 Ultimate,Ultimate. Från 5 332 kr/mån. Miltal: 5 927 mil. Årsmodell: 2023. Växellåda: Automat. Bränsle: El. Reg.nr: LWU819. Kontakta oss för mer information.,https://borasbil.se/bilar/volvo-c40-recharge-single-motor-lwu819,Volvo,C40,2023,59270,KM,Sedan,Electric,Automatic,339000 SEK,339000 SEK,https://cdn.wayke.se/cfit/3ab504ab-ff1d-4a1e-b318-407c3a66008a/c505fff8-5824-4d14-9410-d7c5bde33ae4?format=jpeg&r=0000000&w=800,"[""Exterior""]",used,USED,in stock,LWU819,Kinna Bil,Kinna,Västra Götalands län,SE,0acea758-e5c9-412b-933a-8cd3c8e269f3,Volvo,5332 kr/mån,Lånebelopp: 271200 kr,Kontantinsats: 67800 kr
d268918b-26f7-4f5a-95a8-d05bf07b72c2,Volvo V90 Recharge T6 Ultimate Dark,Recharge T6 Ultimate Dark. Från 7 848 kr/mån. Miltal: 5 456 mil. Årsmodell: 2024. Växellåda: Automat. Bränsle: Bensin. Reg.nr: UFA99B. Kontakta oss för mer information.,https://borasbil.se/bilar/volvo-v90-ufa99b,Volvo,V90,2024,54560,KM,Wagon,Gasoline,Automatic,499000 SEK,499000 SEK,https://cdn.wayke.se/cfit/cad693a0-46ed-4037-ac8c-47ef7e866431/8f08d3b4-d402-4e20-8a91-6f91897093a9?format=jpeg&r=0000000&w=800,"[""Exterior""]",used,USED,in stock,UFA99B,Kinna Bil,Kinna,Västra Götalands län,SE,0acea758-e5c9-412b-933a-8cd3c8e269f3,Volvo,7848 kr/mån,Lånebelopp: 399200 kr,Kontantinsats: 99800 kr
b1c4997f-d431-4f82-bf26-5846145c7884,Volvo XC90 Recharge T8 Ultimate Dark/DRAG,Recharge T8 Ultimate Dark/DRAG. Från 9 421 kr/mån. Miltal: 8 533 mil. Årsmodell: 2023. Växellåda: Automat. Bränsle: Bensin. Reg.nr: MHP21L. Kontakta oss för mer information.,https://borasbil.se/bilar/volvo-xc90-7-saten-mhp21l,Volvo,XC90,2023,85330,KM,SUV,Gasoline,Automatic,599000 SEK,599000 SEK,https://cdn.wayke.se/cfit/7cd3c84b-fdfd-40d6-8507-c58e02ae63a6/4c38846e-963b-4d8b-9278-282c24f411d0?format=jpeg&r=0000000&w=800,"[""Exterior""]",used,USED,in stock,MHP21L,Borås Bil,Borås,Västra Götalands län,SE,56b1373f-95bd-4e74-9030-15708ada078d,Volvo,9421 kr/mån,Lånebelopp: 479200 kr,Kontantinsats: 119800 kr
bc3d9be4-2dda-414f-8be9-70d7bf3e8140,Peugeot 2008 GT Electric 5-d SUV,GT Electric 5-d SUV. Från 3 130 kr/mån. Miltal: 3 270 mil. Årsmodell: 2022. Växellåda: Automat. Bränsle: El. Reg.nr: RAE02N. Kontakta oss för mer information.,https://borasbil.se/bilar/peugeot-e-2008-rae02n,Peugeot,2008,2022,32700,KM,Sedan,Electric,Automatic,199000 SEK,199000 SEK,https://cdn.wayke.se/cfit/7b16e1da-c628-4520-8c23-e7b9c906b1ef/c00da626-cf29-4351-9cc7-3363e46988ee?format=jpeg&r=0000000&w=800,"[""Exterior""]",used,USED,in stock,RAE02N,Borås Bil,Borås,Västra Götalands län,SE,56b1373f-95bd-4e74-9030-15708ada078d,Peugeot,3130 kr/mån,Lånebelopp: 159200 kr,Kontantinsats: 39800 kr
e27cf7a6-a6df-4cd3-abf2-c4445592868f,Peugeot 2008 GT Electric 5-d SUV,GT Electric 5-d SUV. Från 3 130 kr/mån. Miltal: 4 170 mil. Årsmodell: 2022. Växellåda: Automat. Bränsle: El. Reg.nr: LZA17K. Kontakta oss för mer information.,https://borasbil.se/bilar/peugeot-e-2008-lza17k,Peugeot,2008,2022,41700,KM,Sedan,Electric,Automatic,199000 SEK,199000 SEK,https://cdn.wayke.se/cfit/0ea352d6-a19c-4e86-a8a2-c40e7b49d01c/76351a9c-3fb0-4df6-8054-43f2dd6748aa?format=jpeg&r=0000000&w=800,"[""Exterior""]",used,USED,in stock,LZA17K,Borås Bil,Borås,Västra Götalands län,SE,56b1373f-95bd-4e74-9030-15708ada078d,Peugeot,3130 kr/mån,Lånebelopp: 159200 kr,Kontantinsats: 39800 kr
dbf7df9f-268b-4b86-9e58-107d42291adf,Volvo V60 T6 Plus Dark Nordic Edition,T6 Plus Dark Nordic Edition. Från 7 848 kr/mån. Miltal: 1 030 mil. Årsmodell: 2026. Växellåda: Automat. Bränsle: Bensin. Reg.nr: KYJ05W. Kontakta oss för mer information.,https://borasbil.se/bilar/volvo-v60-kyj05w,Volvo,V60,2026,10300,KM,Wagon,Gasoline,Automatic,499000 SEK,499000 SEK,https://cdn.wayke.se/cfit/69cd5b9a-1cdb-4977-9d35-7f64e642c22d/676a94ae-3ffd-4b2b-b875-c0d5fc1de001?format=jpeg&r=0000000&w=800,"[""Exterior""]",new,NEW,in stock,KYJ05W,Kinna Bil,Kinna,Västra Götalands län,SE,0acea758-e5c9-412b-933a-8cd3c8e269f3,Volvo,7848 kr/mån,Lånebelopp: 399200 kr,Kontantinsats: 99800 kr
54914a02-7037-430b-9eea-ae4703dc9642,Volvo V90 T6 Plus Dark Nordic Edition - 360&HarmanKardon,T6 Plus Dark Nordic Edition - 360&HarmanKardon. Från 8 320 kr/mån. Miltal: 1 793 mil. Årsmodell: 2026. Växellåda: Automat. Bränsle: Bensin. Reg.nr: AEJ29Z. Kontakta oss för mer information.,https://borasbil.se/bilar/volvo-v90-aej29z,Volvo,V90,2026,17930,KM,Wagon,Gasoline,Automatic,529000 SEK,529000 SEK,https://cdn.wayke.se/cfit/242bd60a-6ea2-4932-8bf9-2cdc1ca2b944/d35ce310-a6e6-47a7-8ae6-77ab514d5c8b?format=jpeg&r=0000000&w=800,"[""Exterior""]",new,NEW,in stock,AEJ29Z,Kinna Bil,Kinna,Västra Götalands län,SE,0acea758-e5c9-412b-933a-8cd3c8e269f3,Volvo,8320 kr/mån,Lånebelopp: 423200 kr,Kontantinsats: 105800 kr
6f20aea2-ee04-469e-854e-d443610ef711,Volvo V60 T6 Plus Dark Nordic Edition,T6 Plus Dark Nordic Edition. Från 7 848 kr/mån. Miltal: 1 505 mil. Årsmodell: 2026. Växellåda: Automat. Bränsle: Bensin. Reg.nr: WCF61L. Kontakta oss för mer information.,https://borasbil.se/bilar/volvo-v60-wcf61l,Volvo,V60,2026,15050,KM,Wagon,Gasoline,Automatic,499000 SEK,499000 SEK,https://cdn.wayke.se/cfit/48127944-128c-42d1-a695-6c7f74a45fb6/53a92b90-b5bd-4951-ad3f-e4ad94748812?format=jpeg&r=0000000&w=800,"[""Exterior""]",new,NEW,in stock,WCF61L,Kinna Bil,Kinna,Västra Götalands län,SE,0acea758-e5c9-412b-933a-8cd3c8e269f3,Volvo,7848 kr/mån,Lånebelopp: 399200 kr,Kontantinsats: 99800 kr
cb5feffe-0099-4018-85f9-ada3ab3614a6,Volvo V60 T6 Plus Dark Nordic Edition,T6 Plus Dark Nordic Edition. Från 7 848 kr/mån. Miltal: 1 670 mil. Årsmodell: 2026. Växellåda: Automat. Bränsle: Bensin. Reg.nr: YFP12P. Kontakta oss för mer information.,https://borasbil.se/bilar/volvo-v60-yfp12p,Volvo,V60,2026,16700,KM,Wagon,Gasoline,Automatic,499000 SEK,499000 SEK,https://cdn.wayke.se/cfit/7e57fef0-7adb-45dc-8fc3-58a6ca308b43/d2b3b981-65f7-436c-8525-313f327c5c67?format=jpeg&r=0000000&w=800,"[""Exterior""]",new,NEW,in stock,YFP12P,Kinna Bil,Kinna,Västra Götalands län,SE,0acea758-e5c9-412b-933a-8cd3c8e269f3,Volvo,7848 kr/mån,Lånebelopp: 399200 kr,Kontantinsats: 99800 kr
584ab755-8f67-41b5-80ea-1cf2b4f57ac7,Volvo V90 T6 Plus Dark Nordic Edition,T6 Plus Dark Nordic Edition. Från 8 320 kr/mån. Miltal: 1 401 mil. Årsmodell: 2026. Växellåda: Automat. Bränsle: Bensin. Reg.nr: JBL82Z. Kontakta oss för mer information.,https://borasbil.se/bilar/volvo-v90-jbl82z,Volvo,V90,2026,14010,KM,Wagon,Gasoline,Automatic,529000 SEK,529000 SEK,https://cdn.wayke.se/cfit/de93a4d5-0113-4d09-8506-37e1efbe92b1/6f5a57b1-74c4-4435-8cbc-371ea7ae41cf?format=jpeg&r=0000000&w=800,"[""Exterior""]",new,NEW,in stock,JBL82Z,Kinna Bil,Kinna,Västra Götalands län,SE,0acea758-e5c9-412b-933a-8cd3c8e269f3,Volvo,8320 kr/mån,Lånebelopp: 423200 kr,Kontantinsats: 105800 kr
35cd6427-c8f3-45fe-8252-c06d0ffb9fda,Volvo V90 T6 Plus Dark Nordic Edition - 360&HarmanKardon!,T6 Plus Dark Nordic Edition - 360&HarmanKardon!. Från 8 320 kr/mån. Miltal: 1 809 mil. Årsmodell: 2026. Växellåda: Automat. Bränsle: Bensin. Reg.nr: CAL02N. Kontakta oss för mer information.,https://borasbil.se/bilar/volvo-v90-cal02n,Volvo,V90,2026,18090,KM,Wagon,Gasoline,Automatic,529000 SEK,529000 SEK,https://cdn.wayke.se/cfit/24cec04d-855b-44f5-b521-67e3acca950d/afd7128c-6495-4b5f-8053-67f0762f66d2?format=jpeg&r=0000000&w=800,"[""Exterior""]",new,NEW,in stock,CAL02N,Kinna Bil,Kinna,Västra Götalands län,SE,0acea758-e5c9-412b-933a-8cd3c8e269f3,Volvo,8320 kr/mån,Lånebelopp: 423200 kr,Kontantinsats: 105800 kr
544256a4-4474-4db6-aa3e-e0138c9334fc,Peugeot 2008 GT Electric 5-d SUV,GT Electric 5-d SUV. Från 3 130 kr/mån. Miltal: 3 030 mil. Årsmodell: 2022. Växellåda: Automat. Bränsle: El. Reg.nr: XDD08S. Kontakta oss för mer information.,https://borasbil.se/bilar/peugeot-e-2008-xdd08s,Peugeot,2008,2022,30300,KM,Sedan,Electric,Automatic,199000 SEK,199000 SEK,https://cdn.wayke.se/cfit/62eb84be-2cc5-4cf1-aea2-ef551da01e68/50cfda64-a543-4daa-9d87-69ab5e88aa83?format=jpeg&r=0000000&w=800,"[""Exterior""]",used,USED,in stock,XDD08S,Borås Bil,Borås,Västra Götalands län,SE,56b1373f-95bd-4e74-9030-15708ada078d,Peugeot,3130 kr/mån,Lånebelopp: 159200 kr,Kontantinsats: 39800 kr
c6d60398-610e-4418-a79a-af4d33fded65,Volvo EX40 ExtendedRange Plus SE,ExtendedRange Plus SE. Från 8 635 kr/mån. Miltal: 200 mil. Årsmodell: 2026. Växellåda: Automat. Bränsle: El. Reg.nr: PBU36M. Kontakta oss för mer information.,https://borasbil.se/bilar/volvo-ex40-single-motor-extended-range-pbu36m,Volvo,EX40,2026,2000,KM,Sedan,Electric,Automatic,549000 SEK,549000 SEK,https://cdn.wayke.se/cfit/11cd6f55-899a-4d6b-9d90-c1665fccd43a/9c32ba3a-56ab-409a-831c-17bc8aebbbab?format=jpeg&r=0000000&w=800,"[""Exterior""]",new,NEW,in stock,PBU36M,Kinna Bil,Kinna,Västra Götalands län,SE,0acea758-e5c9-412b-933a-8cd3c8e269f3,Volvo,8635 kr/mån,Lånebelopp: 439200 kr,Kontantinsats: 109800 kr
51f94f5b-09cb-4b7f-b5bb-d2616fa581a5,Polestar 2 69kWh Plus,69kWh Plus. Från 4 860 kr/mån. Miltal: 4 545 mil. Årsmodell: 2023. Växellåda: Automat. Bränsle: El. Reg.nr: TMF14A. Kontakta oss för mer information.,https://borasbil.se/bilar/polestar-2-standard-range-single-motor-tmf14a,Polestar,2,2023,45450,KM,Sedan,Electric,Automatic,309000 SEK,309000 SEK,https://cdn.wayke.se/cfit/c7e72544-f36c-4c06-92a4-69f4a9a9979e/22106455-fcfe-4230-b408-e04c094aa32e?format=jpeg&r=0000000&w=800,"[""Exterior""]",used,USED,in stock,TMF14A,Borås Bil,Borås,Västra Götalands län,SE,56b1373f-95bd-4e74-9030-15708ada078d,Polestar,4860 kr/mån,Lånebelopp: 247200 kr,Kontantinsats: 61800 kr
0afa0906-d827-4f8f-97e1-0ca1a22ed518,Volvo V90 T6 Plus Dark Nordic Edition,T6 Plus Dark Nordic Edition. Från 8 320 kr/mån. Miltal: 1 623 mil. Årsmodell: 2026. Växellåda: Automat. Bränsle: Bensin. Reg.nr: SJB50F. Kontakta oss för mer information.,https://borasbil.se/bilar/volvo-v90-sjb50f,Volvo,V90,2026,16230,KM,Wagon,Gasoline,Automatic,529000 SEK,529000 SEK,https://cdn.wayke.se/cfit/3810b6a7-19ce-4b12-88b3-d7b40cc16a3a/016cc8da-05cc-4b1a-b4e8-83de0abd0e7b?format=jpeg&r=0000000&w=800,"[""Exterior""]",new,NEW,in stock,SJB50F,Bogesunds Bil Ulricehamn,Ulricehamn,Västra Götalands län,SE,c2d1288f-1959-4cbe-afd2-9e60608c9a6b,Volvo,8320 kr/mån,Lånebelopp: 423200 kr,Kontantinsats: 105800 kr
aee1809a-58eb-438c-8062-32ebe2285ef8,Volvo XC40 Recharge T4 Inscription,Recharge T4 Inscription. Från 5 332 kr/mån. Miltal: 6 094 mil. Årsmodell: 2022. Växellåda: Automat. Bränsle: Bensin. Reg.nr: BSL63D. Kontakta oss för mer information.,https://borasbil.se/bilar/volvo-xc40-bsl63d,Volvo,XC40,2022,60940,KM,SUV,Gasoline,Automatic,339000 SEK,339000 SEK,https://cdn.wayke.se/cfit/eaeb4e71-292b-4ce9-af85-5f0375c7cd90/64e68b64-512b-4324-a6b7-a3da6ad74672?format=jpeg&r=0000000&w=800,"[""Exterior""]",used,USED,in stock,BSL63D,Borås Bil,Borås,Västra Götalands län,SE,56b1373f-95bd-4e74-9030-15708ada078d,Volvo,5332 kr/mån,Lånebelopp: 271200 kr,Kontantinsats: 67800 kr
dd4b4a11-7f5e-4c13-ae3b-06ed688722b1,Volvo XC90 T8 Ultra Dark,T8 Ultra Dark. Från 13 196 kr/mån. Miltal: 1 977 mil. Årsmodell: 2026. Växellåda: Automat. Bränsle: Laddhybrid. Reg.nr: BFR07J. Kontakta oss för mer information.,https://borasbil.se/bilar/volvo-xc90-bfr07j,Volvo,XC90,2026,19770,KM,SUV,Plug-in Hybrid,Automatic,839000 SEK,839000 SEK,https://cdn.wayke.se/cfit/1ce80b90-bc2e-4a53-ad3c-606400a48c00/7ffa6ad1-df93-46d2-af61-df4cba949c9e?format=jpeg&r=0000000&w=800,"[""Exterior""]",new,NEW,in stock,BFR07J,Bogesunds Bil Ulricehamn,Ulricehamn,Västra Götalands län,SE,c2d1288f-1959-4cbe-afd2-9e60608c9a6b,Volvo,13196 kr/mån,Lånebelopp: 671200 kr,Kontantinsats: 167800 kr
14056541-d2b2-4a8e-a5e1-94acfbd1f2e2,Volvo V90 Recharge T6 Core Edition,Recharge T6 Core Edition. Från 5 961 kr/mån. Miltal: 5 615 mil. Årsmodell: 2023. Växellåda: Automat. Bränsle: Laddhybrid. Reg.nr: MXK92C. Kontakta oss för mer information.,https://borasbil.se/bilar/volvo-v90-mxk92c,Volvo,V90,2023,56150,KM,Wagon,Plug-in Hybrid,Automatic,379000 SEK,379000 SEK,https://cdn.wayke.se/cfit/98d160f4-a672-4021-8788-d96829c92c9b/1c93b7ea-0ba4-4836-9434-90a9ae49f064?format=jpeg&r=0000000&w=800,"[""Exterior""]",used,USED,in stock,MXK92C,Bogesunds Bil Ulricehamn,Ulricehamn,Västra Götalands län,SE,c2d1288f-1959-4cbe-afd2-9e60608c9a6b,Volvo,5961 kr/mån,Lånebelopp: 303200 kr,Kontantinsats: 75800 kr
8b76211a-83b2-4a22-b97c-f42122f84966,Peugeot 2008 GT Electric 5-d SUV,GT Electric 5-d SUV. Från 3 130 kr/mån. Miltal: 3 842 mil. Årsmodell: 2022. Växellåda: Automat. Bränsle: El. Reg.nr: JBD88R. Kontakta oss för mer information.,https://borasbil.se/bilar/peugeot-e-2008-jbd88r,Peugeot,2008,2022,38420,KM,Sedan,Electric,Automatic,199000 SEK,199000 SEK,https://cdn.wayke.se/cfit/188ea5b0-946f-47ae-82c1-29e2bfbe6c72/b77522ec-56b6-40bf-b694-b64e3d973f55?format=jpeg&r=0000000&w=800,"[""Exterior""]",used,USED,in stock,JBD88R,Borås Bil,Borås,Västra Götalands län,SE,56b1373f-95bd-4e74-9030-15708ada078d,Peugeot,3130 kr/mån,Lånebelopp: 159200 kr,Kontantinsats: 39800 kr
d1966655-e815-4a03-8098-86b617616af3,Volvo XC40 Core,Core. Från 5 332 kr/mån. Miltal: 6 785 mil. Årsmodell: 2023. Växellåda: Automat. Bränsle: El. Reg.nr: PEF24R. Kontakta oss för mer information.,https://borasbil.se/bilar/volvo-xc40-recharge-twin-motor-pef24r,Volvo,XC40,2023,67850,KM,SUV,Electric,Automatic,339000 SEK,339000 SEK,https://cdn.wayke.se/cfit/df9c37bc-ba3e-4e11-9aeb-d36e19576b42/cd8b5f4d-491f-41fe-ba95-f3592cbb737f?format=jpeg&r=0000000&w=800,"[""Exterior""]",used,USED,in stock,PEF24R,Bogesunds Bil Ulricehamn,Ulricehamn,Västra Götalands län,SE,c2d1288f-1959-4cbe-afd2-9e60608c9a6b,Volvo,5332 kr/mån,Lånebelopp: 271200 kr,Kontantinsats: 67800 kr
49ecf009-e4c2-491c-96ca-d5719a9f2a2b,Volvo C40 Core,Core. Från 4 860 kr/mån. Miltal: 4 239 mil. Årsmodell: 2023. Växellåda: Automat. Bränsle: El. Reg.nr: RAD25Y. Kontakta oss för mer information.,https://borasbil.se/bilar/volvo-c40-recharge-single-motor-rad25y,Volvo,C40,2023,42390,KM,Sedan,Electric,Automatic,309000 SEK,309000 SEK,https://cdn.wayke.se/cfit/b6721e8d-a23b-46c2-aff9-0de268aa76e4/ce0996e9-6509-49ad-b732-2a6aef5964f0?format=jpeg&r=0000000&w=800,"[""Exterior""]",used,USED,in stock,RAD25Y,Kinna Bil,Kinna,Västra Götalands län,SE,0acea758-e5c9-412b-933a-8cd3c8e269f3,Volvo,4860 kr/mån,Lånebelopp: 247200 kr,Kontantinsats: 61800 kr
a1409a67-688b-4374-af97-ecdb93b5f259,Volvo XC40 Ultimate - Dragkrok!,Ultimate - Dragkrok!. Från 5 489 kr/mån. Miltal: 5 133 mil. Årsmodell: 2023. Växellåda: Automat. Bränsle: El. Reg.nr: AKJ00T. Kontakta oss för mer information.,https://borasbil.se/bilar/volvo-xc40-recharge-single-motor-akj00t,Volvo,XC40,2023,51330,KM,SUV,Electric,Automatic,349000 SEK,349000 SEK,https://cdn.wayke.se/cfit/7d0e5e04-6979-4626-82d9-45f4fc16199d/e2a455d1-6d4d-4cc3-9491-5373d5bf7076?format=jpeg&r=0000000&w=800,"[""Exterior""]",used,USED,in stock,AKJ00T,Kinna Bil,Kinna,Västra Götalands län,SE,0acea758-e5c9-412b-933a-8cd3c8e269f3,Volvo,5489 kr/mån,Lånebelopp: 279200 kr,Kontantinsats: 69800 kr
ed03f8b4-6342-4248-bb17-3b2f6d8f9be7,Volvo XC60 T6 Plus Black Nordic Edition,T6 Plus Black Nordic Edition. Från 9 736 kr/mån. Miltal: 3 007 mil. Årsmodell: 2026. Växellåda: Automat. Bränsle: Laddhybrid. Reg.nr: GFN30S. Kontakta oss för mer information.,https://borasbil.se/bilar/volvo-xc60-gfn30s,Volvo,XC60,2026,30070,KM,SUV,Plug-in Hybrid,Automatic,619000 SEK,619000 SEK,https://cdn.wayke.se/cfit/b5afc0be-07b3-43c1-a952-3f9a9e554e8a/449a6ddc-780c-4307-89db-6868f3fcd55b?format=jpeg&r=0000000&w=800,"[""Exterior""]",new,NEW,in stock,GFN30S,Kinna Bil,Kinna,Västra Götalands län,SE,0acea758-e5c9-412b-933a-8cd3c8e269f3,Volvo,9736 kr/mån,Lånebelopp: 495200 kr,Kontantinsats: 123800 kr
809975e5-eae2-49ca-a584-b87e6ca792d6,Polestar 2 78kWh Perfomance,78kWh Perfomance. Från 5 646 kr/mån. Miltal: 8 450 mil. Årsmodell: 2023. Växellåda: Automat. Bränsle: El. Reg.nr: MOA398. Kontakta oss för mer information.,https://borasbil.se/bilar/polestar-2-long-range-dual-motor-performance-moa398,Polestar,2,2023,84500,KM,Sedan,Electric,Automatic,359000 SEK,359000 SEK,https://cdn.wayke.se/cfit/daa18473-3180-4057-aad1-fff9232e1d50/a73de777-3ef1-4468-809c-6bca07828c36?format=jpeg&r=0000000&w=800,"[""Exterior""]",used,USED,in stock,MOA398,Kinna Bil,Kinna,Västra Götalands län,SE,0acea758-e5c9-412b-933a-8cd3c8e269f3,Polestar,5646 kr/mån,Lånebelopp: 287200 kr,Kontantinsats: 71800 kr
354a3a07-97b0-4da8-8388-6df9ef39c5d7,Volvo C40 Core,Core. Från 4 860 kr/mån. Miltal: 5 996 mil. Årsmodell: 2023. Växellåda: Automat. Bränsle: El. Reg.nr: JAC612. Kontakta oss för mer information.,https://borasbil.se/bilar/volvo-c40-recharge-single-motor-jac612,Volvo,C40,2023,59960,KM,Sedan,Electric,Automatic,309000 SEK,309000 SEK,https://cdn.wayke.se/cfit/8a173ada-f1b1-4a83-b1e1-63001cefd0c3/7f9b5aba-01bc-474b-b73d-959c0097196b?format=jpeg&r=0000000&w=800,"[""Exterior""]",used,USED,in stock,JAC612,Kinna Bil,Kinna,Västra Götalands län,SE,0acea758-e5c9-412b-933a-8cd3c8e269f3,Volvo,4860 kr/mån,Lånebelopp: 247200 kr,Kontantinsats: 61800 kr
424e9377-a06b-4eb1-ba20-4ce2e05a57a9,Lynk & Co 01 Core,Core. Från 7 078 kr/mån. Årsmodell: 2025. Växellåda: Automat. Bränsle: Laddhybrid. Reg.nr: USB10T. Kontakta oss för mer information.,https://borasbil.se/bilar/lynk-co-01-phev-usb10t,Lynk & Co,01,2025,1,KM,Sedan,Plug-in Hybrid,Automatic,449995 SEK,449995 SEK,https://cdn.wayke.se/cfit/76108f65-2563-41ff-8713-a69af0fb5039/5f73a13a-fe03-42bc-a1e4-319e490d94ee?format=jpeg&r=0000000&w=800,"[""Exterior""]",used,USED,in stock,USB10T,Borås Bil,Borås,Västra Götalands län,SE,56b1373f-95bd-4e74-9030-15708ada078d,Lynk & Co,7078 kr/mån,Lånebelopp: 359996 kr,Kontantinsats: 89999 kr
2aafb447-6dc0-4c26-9795-b68b4870b5f3,Volvo XC60 T6 Plus Dark Nordic Edition,T6 Plus Dark Nordic Edition. Från 10 341 kr/mån. Miltal: 1 mil. Årsmodell: 2026. Växellåda: Automat. Bränsle: Laddhybrid. Reg.nr: YDJ72R. Kontakta oss för mer information.,https://borasbil.se/bilar/volvo-xc60-ydj72r,Volvo,XC60,2026,10,KM,SUV,Plug-in Hybrid,Automatic,657500 SEK,657500 SEK,https://cdn.wayke.se/cfit/0ee167c5-d765-4bec-8030-c98bb295e9ee/15a65d9d-c845-49ed-9750-4f4662faf353?format=jpeg&r=0000000&w=800,"[""Exterior""]",new,NEW,in stock,YDJ72R,Bogesunds Bil Ulricehamn,Ulricehamn,Västra Götalands län,SE,c2d1288f-1959-4cbe-afd2-9e60608c9a6b,Volvo,10341 kr/mån,Lånebelopp: 526000 kr,Kontantinsats: 131500 kr
f02bc056-67fe-4071-8524-f664baeb841b,Volvo C40 Core,Core. Från 4 860 kr/mån. Miltal: 4 434 mil. Årsmodell: 2023. Växellåda: Automat. Bränsle: El. Reg.nr: RTM405. Kontakta oss för mer information.,https://borasbil.se/bilar/volvo-c40-recharge-single-motor-rtm405,Volvo,C40,2023,44340,KM,Sedan,Electric,Automatic,309000 SEK,309000 SEK,https://cdn.wayke.se/cfit/76661a8a-f459-48a7-b803-3930f596a204/86ad5d8c-e29e-420d-8e42-8fdf4cc6a7fe?format=jpeg&r=0000000&w=800,"[""Exterior""]",used,USED,in stock,RTM405,Kinna Bil,Kinna,Västra Götalands län,SE,0acea758-e5c9-412b-933a-8cd3c8e269f3,Volvo,4860 kr/mån,Lånebelopp: 247200 kr,Kontantinsats: 61800 kr
9cb3c6dd-8e40-46f9-864c-1a6bfb977f8f,Volvo C40 Ultimate,Ultimate. Från 5 332 kr/mån. Miltal: 8 467 mil. Årsmodell: 2023. Växellåda: Automat. Bränsle: El. Reg.nr: JKF05X. Kontakta oss för mer information.,https://borasbil.se/bilar/volvo-c40-recharge-single-motor-jkf05x,Volvo,C40,2023,84670,KM,Sedan,Electric,Automatic,339000 SEK,339000 SEK,https://cdn.wayke.se/cfit/c46e1354-fae7-4c78-8761-f5b169346688/aa939a93-7d9f-48c7-b49a-111c2f3453b4?format=jpeg&r=0000000&w=800,"[""Exterior""]",used,USED,in stock,JKF05X,Kinna Bil,Kinna,Västra Götalands län,SE,0acea758-e5c9-412b-933a-8cd3c8e269f3,Volvo,5332 kr/mån,Lånebelopp: 271200 kr,Kontantinsats: 67800 kr
9985f9be-a06d-48b2-8a5c-11bb2e2e1708,Volvo XC40 Plus,Plus. Från 5 017 kr/mån. Miltal: 9 175 mil. Årsmodell: 2023. Växellåda: Automat. Bränsle: El. Reg.nr: HLU20G. Kontakta oss för mer information.,https://borasbil.se/bilar/volvo-xc40-recharge-twin-motor-hlu20g,Volvo,XC40,2023,91750,KM,SUV,Electric,Automatic,319000 SEK,319000 SEK,https://cdn.wayke.se/cfit/13a94e26-9d80-422e-9263-cf705b654dad/a1a50d30-dd5a-4db6-b46f-92bf71cbf789?format=jpeg&r=0000000&w=800,"[""Exterior""]",used,USED,in stock,HLU20G,Kinna Bil,Kinna,Västra Götalands län,SE,0acea758-e5c9-412b-933a-8cd3c8e269f3,Volvo,5017 kr/mån,Lånebelopp: 255200 kr,Kontantinsats: 63800 kr
70dd27bf-7d31-42ad-b547-b0b12f2344a0,Lynk & Co 01 Core,Core. Från 7 078 kr/mån. Årsmodell: 2025. Växellåda: Automat. Bränsle: Laddhybrid. Reg.nr: ASC82P. Kontakta oss för mer information.,https://borasbil.se/bilar/lynk-co-01-phev-asc82p,Lynk & Co,01,2025,1,KM,Sedan,Plug-in Hybrid,Automatic,449995 SEK,449995 SEK,https://cdn.wayke.se/cfit/1a3ec63b-b5cb-4fea-b097-b221d2fc2a41/5bafcb5f-ef15-4633-a85e-0217036e5a9b?format=jpeg&r=0000000&w=800,"[""Exterior""]",used,USED,in stock,ASC82P,Borås Bil,Borås,Västra Götalands län,SE,56b1373f-95bd-4e74-9030-15708ada078d,Lynk & Co,7078 kr/mån,Lånebelopp: 359996 kr,Kontantinsats: 89999 kr
5c6899c1-67c6-45a0-a8e3-5b4a0eb51836,Peugeot 308 FL Allure A 5-d Kombi,FL Allure A 5-d Kombi. Från 5 159 kr/mån. Årsmodell: 2025. Växellåda: Automat. Bränsle: Hybrid. Reg.nr: TJF15S. Kontakta oss för mer information.,https://borasbil.se/bilar/peugeot-308-sw-hybrid-145-tjf15s,Peugeot,308,2025,1,KM,Sedan,Hybrid,Automatic,328000 SEK,328000 SEK,https://cdn.wayke.se/cfit/2bcf2034-8559-43c3-b194-f2385437ac83/174966a2-ab22-4edf-852d-6dde86685c65?format=jpeg&r=0000000&w=800,"[""Exterior""]",used,USED,in stock,TJF15S,Borås Bil,Borås,Västra Götalands län,SE,56b1373f-95bd-4e74-9030-15708ada078d,Peugeot,5159 kr/mån,Lånebelopp: 262400 kr,Kontantinsats: 65600 kr
d68fe8d3-c7d3-49f4-a0bb-e45e4fd2f907,Volvo EX30 SM Plus Black Edt,SM Plus Black Edt. Från 7 691 kr/mån. Miltal: 250 mil. Årsmodell: 2026. Växellåda: Automat. Bränsle: El. Reg.nr: SRB68H. Kontakta oss för mer information.,https://borasbil.se/bilar/volvo-ex30-single-motor-extended-range-srb68h,Volvo,EX30,2026,2500,KM,SUV,Electric,Automatic,489000 SEK,489000 SEK,https://cdn.wayke.se/cfit/4f5e06bd-2354-45d0-8161-0d58e6806603/9524146f-268c-4903-9ba6-d40612bdbfb5?format=jpeg&r=0000000&w=800,"[""Exterior""]",new,NEW,in stock,SRB68H,Kinna Bil,Kinna,Västra Götalands län,SE,0acea758-e5c9-412b-933a-8cd3c8e269f3,Volvo,7691 kr/mån,Lånebelopp: 391200 kr,Kontantinsats: 97800 kr
8203b57b-a262-4c23-a798-9a6de571a97a,Volvo C40 Ultimate,Ultimate. Från 5 489 kr/mån. Miltal: 2 918 mil. Årsmodell: 2023. Växellåda: Automat. Bränsle: El. Reg.nr: ONP50Z. Kontakta oss för mer information.,https://borasbil.se/bilar/volvo-c40-recharge-single-motor-onp50z,Volvo,C40,2023,29180,KM,Sedan,Electric,Automatic,349000 SEK,349000 SEK,https://cdn.wayke.se/cfit/fb170b6e-9466-461f-810e-37a3b7a883d3/68251cc0-2318-4202-8d18-09d14cce5ee7?format=jpeg&r=0000000&w=800,"[""Exterior""]",used,USED,in stock,ONP50Z,Borås Bil,Borås,Västra Götalands län,SE,56b1373f-95bd-4e74-9030-15708ada078d,Volvo,5489 kr/mån,Lånebelopp: 279200 kr,Kontantinsats: 69800 kr
d0ab2aac-65ee-4e18-a8d8-914b1003f476,Volvo XC40 Ultimate,Ultimate. Från 5 804 kr/mån. Miltal: 7 222 mil. Årsmodell: 2023. Växellåda: Automat. Bränsle: El. Reg.nr: RPT66C. Kontakta oss för mer information.,https://borasbil.se/bilar/volvo-xc40-recharge-twin-motor-rpt66c,Volvo,XC40,2023,72220,KM,SUV,Electric,Automatic,369000 SEK,369000 SEK,https://cdn.wayke.se/cfit/a4859f50-aa91-4c11-a958-e3c1306df676/576f1084-6adf-4d81-bd6e-20ea10b0e9dd?format=jpeg&r=0000000&w=800,"[""Exterior""]",used,USED,in stock,RPT66C,Borås Bil,Borås,Västra Götalands län,SE,56b1373f-95bd-4e74-9030-15708ada078d,Volvo,5804 kr/mån,Lånebelopp: 295200 kr,Kontantinsats: 73800 kr
07855bfc-d1eb-454e-ac60-f7099a37e853,Volvo V60 Recharge T6 Core Edition,Recharge T6 Core Edition. Från 5 961 kr/mån. Miltal: 4 858 mil. Årsmodell: 2023. Växellåda: Automat. Bränsle: Laddhybrid. Reg.nr: LCA64S. Kontakta oss för mer information.,https://borasbil.se/bilar/volvo-v60-lca64s,Volvo,V60,2023,48580,KM,Wagon,Plug-in Hybrid,Automatic,379000 SEK,379000 SEK,https://cdn.wayke.se/cfit/640d26e9-fed7-4a27-acdd-811dde19c1f0/6cedb43f-9396-49d6-bd32-fd87764a9d05?format=jpeg&r=0000000&w=800,"[""Exterior""]",used,USED,in stock,LCA64S,Borås Bil,Borås,Västra Götalands län,SE,56b1373f-95bd-4e74-9030-15708ada078d,Volvo,5961 kr/mån,Lånebelopp: 303200 kr,Kontantinsats: 75800 kr
45a5c360-0382-483f-8a06-78b9d8b55bfb,Polestar 2 78kWh Plus,78kWh Plus. Från 5 332 kr/mån. Miltal: 5 675 mil. Årsmodell: 2022. Växellåda: Automat. Bränsle: El. Reg.nr: YLJ09Y. Kontakta oss för mer information.,https://borasbil.se/bilar/polestar-2-long-range-dual-motor-ylj09y,Polestar,2,2022,56750,KM,Sedan,Electric,Automatic,339000 SEK,339000 SEK,https://cdn.wayke.se/cfit/137d5fbe-1382-4353-9d41-57b51e15e15b/415e4cd2-98c6-4b54-8399-c90182f8a81e?format=jpeg&r=0000000&w=800,"[""Exterior""]",used,USED,in stock,YLJ09Y,Bogesunds Bil Ulricehamn,Ulricehamn,Västra Götalands län,SE,c2d1288f-1959-4cbe-afd2-9e60608c9a6b,Polestar,5332 kr/mån,Lånebelopp: 271200 kr,Kontantinsats: 67800 kr
3358c314-32bc-43a8-8be6-daba908c547d,Polestar 2 69kWh,69kWh. Från 4 545 kr/mån. Miltal: 5 002 mil. Årsmodell: 2023. Växellåda: Automat. Bränsle: El. Reg.nr: CBR40E. Kontakta oss för mer information.,https://borasbil.se/bilar/polestar-2-standard-range-single-motor-cbr40e,Polestar,2,2023,50020,KM,Sedan,Electric,Automatic,289000 SEK,289000 SEK,https://cdn.wayke.se/cfit/53dcac01-c9d1-4461-9b17-f6c33fa21cbc/083067a4-6281-4790-b5ef-4dff869c05e2?format=jpeg&r=0000000&w=800,"[""Exterior""]",used,USED,in stock,CBR40E,Borås Bil,Borås,Västra Götalands län,SE,56b1373f-95bd-4e74-9030-15708ada078d,Polestar,4545 kr/mån,Lånebelopp: 231200 kr,Kontantinsats: 57800 kr
6ec25c58-7e39-4714-9fed-b2693b9d567b,Polestar 2 69kWh Plus,69kWh Plus. Från 4 703 kr/mån. Miltal: 6 232 mil. Årsmodell: 2023. Växellåda: Automat. Bränsle: El. Reg.nr: GAR19B. Kontakta oss för mer information.,https://borasbil.se/bilar/polestar-2-standard-range-single-motor-gar19b,Polestar,2,2023,62320,KM,Sedan,Electric,Automatic,299000 SEK,299000 SEK,https://cdn.wayke.se/cfit/33ddc85e-1d5c-47f2-8657-35b05fa9bc6f/4ddcc72d-05df-4429-ab07-c127c9d35691?format=jpeg&r=0000000&w=800,"[""Exterior""]",used,USED,in stock,GAR19B,Borås Bil,Borås,Västra Götalands län,SE,56b1373f-95bd-4e74-9030-15708ada078d,Polestar,4703 kr/mån,Lånebelopp: 239200 kr,Kontantinsats: 59800 kr
02982fff-f031-4bbf-8c8b-fc8acaa17415,Polestar 2 78kWh,78kWh. Från 5 332 kr/mån. Miltal: 6 872 mil. Årsmodell: 2023. Växellåda: Automat. Bränsle: El. Reg.nr: HRM47F. Kontakta oss för mer information.,https://borasbil.se/bilar/polestar-2-long-range-dual-motor-hrm47f,Polestar,2,2023,68720,KM,Sedan,Electric,Automatic,339000 SEK,339000 SEK,https://cdn.wayke.se/cfit/5500977f-c56e-4579-b54c-a300781f2f60/12394ece-2e40-4ac4-93c6-9f30c739e157?format=jpeg&r=0000000&w=800,"[""Exterior""]",used,USED,in stock,HRM47F,Borås Bil,Borås,Västra Götalands län,SE,56b1373f-95bd-4e74-9030-15708ada078d,Polestar,5332 kr/mån,Lånebelopp: 271200 kr,Kontantinsats: 67800 kr
030c0689-5d88-43a6-9a86-9f70fa84062b,Volvo V60 Recharge T6 Plus Dark,Recharge T6 Plus Dark. Från 5 804 kr/mån. Miltal: 10 143 mil. Årsmodell: 2023. Växellåda: Automat. Bränsle: Laddhybrid. Reg.nr: TUF41Y. Kontakta oss för mer information.,https://borasbil.se/bilar/volvo-v60-tuf41y,Volvo,V60,2023,101430,KM,Wagon,Plug-in Hybrid,Automatic,369000 SEK,369000 SEK,https://cdn.wayke.se/cfit/6d35dfca-9032-4f7d-a09b-9b8ebcf268bb/8a65ea17-2bf3-4985-bdb6-ad3bcdc3b874?format=jpeg&r=0000000&w=800,"[""Exterior""]",used,USED,in stock,TUF41Y,Kinna Bil,Kinna,Västra Götalands län,SE,0acea758-e5c9-412b-933a-8cd3c8e269f3,Volvo,5804 kr/mån,Lånebelopp: 295200 kr,Kontantinsats: 73800 kr
9bb779c9-642b-47fc-bc94-73348263bf16,Volvo C40 Core,Core. Från 4 860 kr/mån. Miltal: 5 277 mil. Årsmodell: 2023. Växellåda: Automat. Bränsle: El. Reg.nr: WAD39M. Kontakta oss för mer information.,https://borasbil.se/bilar/volvo-c40-recharge-single-motor-wad39m,Volvo,C40,2023,52770,KM,Sedan,Electric,Automatic,309000 SEK,309000 SEK,https://cdn.wayke.se/cfit/2d7cb809-b929-4a06-9a13-e2e19aa826a4/9dee6fb8-fb27-41d1-8d8f-c33560bb1acd?format=jpeg&r=0000000&w=800,"[""Exterior""]",used,USED,in stock,WAD39M,Kinna Bil,Kinna,Västra Götalands län,SE,0acea758-e5c9-412b-933a-8cd3c8e269f3,Volvo,4860 kr/mån,Lånebelopp: 247200 kr,Kontantinsats: 61800 kr
9e0e4c6c-1b20-4212-bf5d-ab592ef48adb,Volvo C40 Core,Core. Från 4 860 kr/mån. Miltal: 4 829 mil. Årsmodell: 2023. Växellåda: Automat. Bränsle: El. Reg.nr: PHW24L. Kontakta oss för mer information.,https://borasbil.se/bilar/volvo-c40-recharge-single-motor-phw24l,Volvo,C40,2023,48290,KM,Sedan,Electric,Automatic,309000 SEK,309000 SEK,https://cdn.wayke.se/cfit/80bcef73-4c40-4895-8b3a-61f4aadfeda5/156393f7-94ac-4db2-ba4b-b67296bf3663?format=jpeg&r=0000000&w=800,"[""Exterior""]",used,USED,in stock,PHW24L,Kinna Bil,Kinna,Västra Götalands län,SE,0acea758-e5c9-412b-933a-8cd3c8e269f3,Volvo,4860 kr/mån,Lånebelopp: 247200 kr,Kontantinsats: 61800 kr
e467712e-279d-42b0-911e-9a798fdde86b,Polestar 2 78kWh,78kWh. Från 4 231 kr/mån. Miltal: 12 083 mil. Årsmodell: 2023. Växellåda: Automat. Bränsle: El. Reg.nr: JAD23W. Kontakta oss för mer information.,https://borasbil.se/bilar/polestar-2-long-range-single-motor-jad23w,Polestar,2,2023,120830,KM,Sedan,Electric,Automatic,269000 SEK,269000 SEK,https://cdn.wayke.se/cfit/eddb313b-df6b-45bd-9e5f-d98a4d9ccc94/1a703206-595e-4993-9cc8-6930e2afaa33?format=jpeg&r=0000000&w=800,"[""Exterior""]",used,USED,in stock,JAD23W,Kinna Bil,Kinna,Västra Götalands län,SE,0acea758-e5c9-412b-933a-8cd3c8e269f3,Polestar,4231 kr/mån,Lånebelopp: 215200 kr,Kontantinsats: 53800 kr
dcd47fc8-5dd4-47fa-8cd6-de7da4916f53,Volvo ES90 Ultra,Ultra. Från 14 297 kr/mån. Miltal: 411 mil. Årsmodell: 2026. Växellåda: Automat. Bränsle: El. Reg.nr: JBT29K. Kontakta oss för mer information.,https://borasbil.se/bilar/volvo-es90-single-motor-extended-range-jbt29k,Volvo,ES90,2026,4110,KM,Sedan,Electric,Automatic,909000 SEK,909000 SEK,https://cdn.wayke.se/cfit/9732dec3-a31c-48a8-8e4c-16283ca39bd4/d29f05d8-bc70-4b23-808d-5ff944b92644?format=jpeg&r=0000000&w=800,"[""Exterior""]",new,NEW,in stock,JBT29K,Borås Bil,Borås,Västra Götalands län,SE,56b1373f-95bd-4e74-9030-15708ada078d,Volvo,14297 kr/mån,Lånebelopp: 727200 kr,Kontantinsats: 181800 kr
a3b4919f-661c-4973-8afd-b0930851baa0,Volvo EC40 ExtendedRange Plus SE,ExtendedRange Plus SE. Från 9 421 kr/mån. Årsmodell: 2026. Växellåda: Automat. Bränsle: El. Reg.nr: KRB16B. Kontakta oss för mer information.,https://borasbil.se/bilar/volvo-ec40-single-motor-extended-range-krb16b,Volvo,EC40,2026,1,KM,Sedan,Electric,Automatic,599000 SEK,599000 SEK,https://cdn.wayke.se/cfit/f1f055bf-5a34-4dbd-9d44-4360c444e937/e2b734c1-5c6d-42ea-815b-c75abd60cc80?format=jpeg&r=0000000&w=800,"[""Exterior""]",new,NEW,in stock,KRB16B,Kinna Bil,Kinna,Västra Götalands län,SE,0acea758-e5c9-412b-933a-8cd3c8e269f3,Volvo,9421 kr/mån,Lånebelopp: 479200 kr,Kontantinsats: 119800 kr
403c61d8-0539-4152-befa-42300df917be,Volvo V60 T6 Plus Dark Nordic Edition,T6 Plus Dark Nordic Edition. Från 8 477 kr/mån. Miltal: 362 mil. Årsmodell: 2026. Växellåda: Automat. Bränsle: Laddhybrid. Reg.nr: DXW34M. Kontakta oss för mer information.,https://borasbil.se/bilar/volvo-v60-dxw34m,Volvo,V60,2026,3620,KM,Wagon,Plug-in Hybrid,Automatic,539000 SEK,539000 SEK,https://cdn.wayke.se/cfit/60be738e-9d39-48cb-bb62-3d2dd3ee04e3/bc79024c-06ed-4653-bbca-9277d9606d68?format=jpeg&r=0000000&w=800,"[""Exterior""]",new,NEW,in stock,DXW34M,Bogesunds Bil Ulricehamn,Ulricehamn,Västra Götalands län,SE,c2d1288f-1959-4cbe-afd2-9e60608c9a6b,Volvo,8477 kr/mån,Lånebelopp: 431200 kr,Kontantinsats: 107800 kr
0307c0c0-b275-492e-ad10-9e58da1d45be,Polestar 2 78kWh Plus,78kWh Plus. Från 5 489 kr/mån. Miltal: 7 113 mil. Årsmodell: 2023. Växellåda: Automat. Bränsle: El. Reg.nr: XUR001. Kontakta oss för mer information.,https://borasbil.se/bilar/polestar-2-long-range-dual-motor-xur001,Polestar,2,2023,71130,KM,Sedan,Electric,Automatic,349000 SEK,349000 SEK,https://cdn.wayke.se/cfit/753b2408-f3dc-4ecf-934b-a1122721ae03/f7be854f-782b-436f-aa7c-6e3a872e5045?format=jpeg&r=0000000&w=800,"[""Exterior""]",used,USED,in stock,XUR001,Kinna Bil,Kinna,Västra Götalands län,SE,0acea758-e5c9-412b-933a-8cd3c8e269f3,Polestar,5489 kr/mån,Lånebelopp: 279200 kr,Kontantinsats: 69800 kr
4bf08fe9-7134-499c-962d-c3fc5c11cf06,Volvo V90 Recharge T6 Core Edition,Recharge T6 Core Edition. Från 5 804 kr/mån. Miltal: 8 311 mil. Årsmodell: 2023. Växellåda: Automat. Bränsle: Laddhybrid. Reg.nr: GHC09D. Kontakta oss för mer information.,https://borasbil.se/bilar/volvo-v90-ghc09d,Volvo,V90,2023,83110,KM,Wagon,Plug-in Hybrid,Automatic,369000 SEK,369000 SEK,https://cdn.wayke.se/cfit/90489229-08c7-472f-9aac-594889eecf60/30416946-ed6e-4431-a682-84e6365c6e63?format=jpeg&r=0000000&w=800,"[""Exterior""]",used,USED,in stock,GHC09D,Kinna Bil,Kinna,Västra Götalands län,SE,0acea758-e5c9-412b-933a-8cd3c8e269f3,Volvo,5804 kr/mån,Lånebelopp: 295200 kr,Kontantinsats: 73800 kr
33b7ff3e-5f37-4123-ba04-8322089eb49b,Volvo ES90 Ultra,Ultra. Från 15 398 kr/mån. Årsmodell: 2026. Växellåda: Automat. Bränsle: El. Reg.nr: YTT05W. Kontakta oss för mer information.,https://borasbil.se/bilar/volvo-es90-single-motor-extended-range-ytt05w,Volvo,ES90,2026,1,KM,Sedan,Electric,Automatic,979000 SEK,979000 SEK,https://cdn.wayke.se/cfit/73a2f982-35f7-4ab0-839b-0d79c42b32dc/6da497fe-44f0-4ea0-a217-e31b5a1a38ac?format=jpeg&r=0000000&w=800,"[""Exterior""]",new,NEW,in stock,YTT05W,Borås Bil,Borås,Västra Götalands län,SE,56b1373f-95bd-4e74-9030-15708ada078d,Volvo,15398 kr/mån,Lånebelopp: 783200 kr,Kontantinsats: 195800 kr
ad2d3348-d5ad-4b5e-b1cb-70a67666c71e,Volvo XC60 T8 TE R-Design,T8 TE R-Design. Från 5 017 kr/mån. Miltal: 14 652 mil. Årsmodell: 2019. Växellåda: Automat. Bränsle: Laddhybrid. Reg.nr: YYB275. Kontakta oss för mer information.,https://borasbil.se/bilar/volvo-xc60-yyb275,Volvo,XC60,2019,146520,KM,SUV,Plug-in Hybrid,Automatic,319000 SEK,319000 SEK,https://cdn.wayke.se/cfit/05c79f2a-a1c3-4dde-b1aa-e8588fd5121a/da72c065-26b4-4c9a-ad2f-f9efc2c3a7c8?format=jpeg&r=0000000&w=800,"[""Exterior""]",used,USED,in stock,YYB275,Bogesunds Bil Ulricehamn,Ulricehamn,Västra Götalands län,SE,c2d1288f-1959-4cbe-afd2-9e60608c9a6b,Volvo,5017 kr/mån,Lånebelopp: 255200 kr,Kontantinsats: 63800 kr
fc0d175f-0167-44a7-80c3-3fb4e7d2893c,Volvo XC40 Recharge T5 R-Design,Recharge T5 R-Design. Från 5 175 kr/mån. Miltal: 10 720 mil. Årsmodell: 2021. Växellåda: Automat. Bränsle: Laddhybrid. Reg.nr: HPY28E. Kontakta oss för mer information.,https://borasbil.se/bilar/volvo-xc40-hpy28e,Volvo,XC40,2021,107200,KM,SUV,Plug-in Hybrid,Automatic,329000 SEK,329000 SEK,https://cdn.wayke.se/cfit/ef299607-d726-4dd7-80f0-0fc1560f8f3b/2b8668f2-e91a-4eb7-b1a9-2b13cb66c40f?format=jpeg&r=0000000&w=800,"[""Exterior""]",used,USED,in stock,HPY28E,Borås Bil,Borås,Västra Götalands län,SE,56b1373f-95bd-4e74-9030-15708ada078d,Volvo,5175 kr/mån,Lånebelopp: 263200 kr,Kontantinsats: 65800 kr
3837d54e-5954-4fbc-884a-d982dacf2982,Volvo EX40 UltraBlackSE,UltraBlackSE. Från 9 421 kr/mån. Miltal: 69 mil. Årsmodell: 2026. Växellåda: Automat. Bränsle: El. Reg.nr: XEG97U. Kontakta oss för mer information.,https://borasbil.se/bilar/volvo-ex40-twin-motor-performance-xeg97u,Volvo,EX40,2026,690,KM,Sedan,Electric,Automatic,599000 SEK,599000 SEK,https://cdn.wayke.se/cfit/8a846987-f4ba-4c1d-b84a-ebcbcb144665/58fabd0b-416a-497b-a681-238b20ee38df?format=jpeg&r=0000000&w=800,"[""Exterior""]",new,NEW,in stock,XEG97U,Borås Bil,Borås,Västra Götalands län,SE,56b1373f-95bd-4e74-9030-15708ada078d,Volvo,9421 kr/mån,Lånebelopp: 479200 kr,Kontantinsats: 119800 kr
d1df7e49-599c-4197-af0a-65790f742e41,Volvo ES90 Ultra. V-hjul ingår,Ultra. V-hjul ingår. Från 14 139 kr/mån. Miltal: 68 mil. Årsmodell: 2026. Växellåda: Automat. Bränsle: El. Reg.nr: GJR03Z. Kontakta oss för mer information.,https://borasbil.se/bilar/volvo-es90-single-motor-extended-range-gjr03z,Volvo,ES90,2026,680,KM,Sedan,Electric,Automatic,899000 SEK,899000 SEK,https://cdn.wayke.se/cfit/c0cffd66-e996-442f-8f93-4d6ec021bdf2/e1878bee-0836-4f87-b41f-fa7b93c8b7fa?format=jpeg&r=0000000&w=800,"[""Exterior""]",new,NEW,in stock,GJR03Z,Bogesunds Bil Ulricehamn,Ulricehamn,Västra Götalands län,SE,c2d1288f-1959-4cbe-afd2-9e60608c9a6b,Volvo,14139 kr/mån,Lånebelopp: 719200 kr,Kontantinsats: 179800 kr
e85b7b67-435b-46af-817d-733c6f75a04a,Citroën C3 Aircross SHINE Pure Tech 130 A,SHINE Pure Tech 130 A. Från 2 343 kr/mån. Miltal: 5 477 mil. Årsmodell: 2024. Växellåda: Automat. Bränsle: Bensin. Reg.nr: DKE13D. Kontakta oss för mer information.,https://borasbil.se/bilar/citroen-c3-aircross-dke13d,Citroën,C3 Aircross,2024,54770,KM,Sedan,Gasoline,Automatic,149000 SEK,149000 SEK,https://cdn.wayke.se/cfit/a13426b7-f585-4be5-8e4f-8e18e7f1eba3/66488c68-6cee-40eb-9492-59967a6d621f?format=jpeg&r=0000000&w=800,"[""Exterior""]",used,USED,in stock,DKE13D,Borås Bil,Borås,Västra Götalands län,SE,56b1373f-95bd-4e74-9030-15708ada078d,Citroën,2343 kr/mån,Lånebelopp: 119200 kr,Kontantinsats: 29800 kr
0f1b26d2-bab9-469f-b088-dc34b47dc10b,Volvo XC40 Ultimate,Ultimate. Från 4 860 kr/mån. Miltal: 10 948 mil. Årsmodell: 2023. Växellåda: Automat. Bränsle: El. Reg.nr: CJA03G. Kontakta oss för mer information.,https://borasbil.se/bilar/volvo-xc40-recharge-single-motor-cja03g,Volvo,XC40,2023,109480,KM,SUV,Electric,Automatic,309000 SEK,309000 SEK,https://cdn.wayke.se/cfit/e0195a74-d35c-4295-be43-717ae67b9196/47e560df-6428-4020-be7c-03154dc3c85b?format=jpeg&r=0000000&w=800,"[""Exterior""]",used,USED,in stock,CJA03G,Borås Bil,Borås,Västra Götalands län,SE,56b1373f-95bd-4e74-9030-15708ada078d,Volvo,4860 kr/mån,Lånebelopp: 247200 kr,Kontantinsats: 61800 kr
250a7659-f970-407c-91ae-8bad7aa69e75,Volvo C40 Core,Core. Från 4 860 kr/mån. Miltal: 4 549 mil. Årsmodell: 2023. Växellåda: Automat. Bränsle: El. Reg.nr: TCE04F. Kontakta oss för mer information.,https://borasbil.se/bilar/volvo-c40-recharge-single-motor-tce04f,Volvo,C40,2023,45490,KM,Sedan,Electric,Automatic,309000 SEK,309000 SEK,https://cdn.wayke.se/cfit/b7cc68c4-6378-4959-ad75-b7eeec858b20/ec5bfb57-aed6-483a-9243-54295573da11?format=jpeg&r=0000000&w=800,"[""Exterior""]",used,USED,in stock,TCE04F,Kinna Bil,Kinna,Västra Götalands län,SE,0acea758-e5c9-412b-933a-8cd3c8e269f3,Volvo,4860 kr/mån,Lånebelopp: 247200 kr,Kontantinsats: 61800 kr
387f09a1-7154-4483-9b78-4f634c27ff80,Volvo XC40 Twin Plus,Twin Plus. Från 5 017 kr/mån. Miltal: 10 200 mil. Årsmodell: 2022. Växellåda: Automat. Bränsle: El. Reg.nr: PNT36A. Kontakta oss för mer information.,https://borasbil.se/bilar/volvo-xc40-p8-awd-recharge-pnt36a,Volvo,XC40,2022,102000,KM,SUV,Electric,Automatic,319000 SEK,319000 SEK,https://cdn.wayke.se/cfit/f3de572d-175b-41f8-bddc-20a8433cfdd0/9504e27d-8419-49dd-be8a-833497cb7749?format=jpeg&r=0000000&w=800,"[""Exterior""]",used,USED,in stock,PNT36A,Borås Bil,Borås,Västra Götalands län,SE,56b1373f-95bd-4e74-9030-15708ada078d,Volvo,5017 kr/mån,Lånebelopp: 255200 kr,Kontantinsats: 63800 kr
38e1d65b-b01c-4db7-a047-606119fc014d,Volvo EX30 SM Plus Black Edt,SM Plus Black Edt. Från 7 534 kr/mån. Miltal: 140 mil. Årsmodell: 2026. Växellåda: Automat. Bränsle: El. Reg.nr: RCK17N. Kontakta oss för mer information.,https://borasbil.se/bilar/volvo-ex30-single-motor-extended-range-rck17n,Volvo,EX30,2026,1400,KM,SUV,Electric,Automatic,479000 SEK,479000 SEK,https://cdn.wayke.se/cfit/b1422549-0311-4ad4-af08-ed68a1583bf1/d81bb330-12c0-4aad-9398-1c2d29f71aaf?format=jpeg&r=0000000&w=800,"[""Exterior""]",new,NEW,in stock,RCK17N,Bogesunds Bil Ulricehamn,Ulricehamn,Västra Götalands län,SE,c2d1288f-1959-4cbe-afd2-9e60608c9a6b,Volvo,7534 kr/mån,Lånebelopp: 383200 kr,Kontantinsats: 95800 kr
b43480e0-0709-4f89-8338-e2ee0638d87d,Volvo V60 T8 Plus Dark Nordic Edition,T8 Plus Dark Nordic Edition. Från 10 679 kr/mån. Miltal: 100 mil. Årsmodell: 2026. Växellåda: Automat. Bränsle: Laddhybrid. Reg.nr: KPJ06W. Kontakta oss för mer information.,https://borasbil.se/bilar/volvo-v60-kpj06w,Volvo,V60,2026,1000,KM,Wagon,Plug-in Hybrid,Automatic,679000 SEK,679000 SEK,https://cdn.wayke.se/cfit/9683c084-9211-40e4-9a3f-186d17b9ae47/72534ede-d943-4849-9934-42f3353f8b1f?format=jpeg&r=0000000&w=800,"[""Exterior""]",new,NEW,in stock,KPJ06W,Borås Bil,Borås,Västra Götalands län,SE,56b1373f-95bd-4e74-9030-15708ada078d,Volvo,10679 kr/mån,Lånebelopp: 543200 kr,Kontantinsats: 135800 kr
f2746641-bdde-4bf9-b63c-f55e83c27672,Volvo C40 Core,Core. Från 5 489 kr/mån. Miltal: 5 413 mil. Årsmodell: 2023. Växellåda: Automat. Bränsle: El. Reg.nr: HEY57G. Kontakta oss för mer information.,https://borasbil.se/bilar/volvo-c40-recharge-twin-motor-hey57g,Volvo,C40,2023,54130,KM,Sedan,Electric,Automatic,349000 SEK,349000 SEK,https://cdn.wayke.se/cfit/698574ce-7680-48dd-aaf6-1a37e290fe23/90bab84a-d8f9-4c23-b674-3344a0585bf9?format=jpeg&r=0000000&w=800,"[""Exterior""]",used,USED,in stock,HEY57G,Borås Bil,Borås,Västra Götalands län,SE,56b1373f-95bd-4e74-9030-15708ada078d,Volvo,5489 kr/mån,Lånebelopp: 279200 kr,Kontantinsats: 69800 kr
526e3377-f976-4752-9c7e-1734a1e35b88,Volvo XC90 T8 Ultra Dark,T8 Ultra Dark. Från 13 196 kr/mån. Miltal: 1 977 mil. Årsmodell: 2026. Växellåda: Automat. Bränsle: Laddhybrid. Reg.nr: NBR05R. Kontakta oss för mer information.,https://borasbil.se/bilar/volvo-xc90-nbr05r,Volvo,XC90,2026,19770,KM,SUV,Plug-in Hybrid,Automatic,839000 SEK,839000 SEK,https://cdn.wayke.se/cfit/91f979a9-84fa-41fe-8938-b831e6af6636/514c1d1e-6e48-47cc-a6c3-cf268225a193?format=jpeg&r=0000000&w=800,"[""Exterior""]",new,NEW,in stock,NBR05R,Borås Bil,Borås,Västra Götalands län,SE,56b1373f-95bd-4e74-9030-15708ada078d,Volvo,13196 kr/mån,Lånebelopp: 671200 kr,Kontantinsats: 167800 kr
492436e9-272f-4afa-91bd-cbb8c1ee32cf,"Citroën C5 Aircross Aircros SHINE Excl PHEV A 5-d SUV backamera, App för förvärmning","Aircros SHINE Excl PHEV A 5-d SUV backamera, App för förvärmning. Från 3 916 kr/mån. Miltal: 5 820 mil. Årsmodell: 2022. Växellåda: Automat. Bränsle: Laddhybrid. Reg.nr: FPP37D. Kontakta oss för mer information.",https://borasbil.se/bilar/citroen-c5-aircross-hybrid-225-fpp37d,Citroën,C5 Aircross,2022,58200,KM,SUV,Plug-in Hybrid,Automatic,249000 SEK,249000 SEK,https://cdn.wayke.se/cfit/20af8fe6-446e-4794-aac9-55c7f11d10d6/cc10b068-1377-47f9-8a20-f3df8b982110?format=jpeg&r=0000000&w=800,"[""Exterior""]",used,USED,in stock,FPP37D,Borås Bil,Borås,Västra Götalands län,SE,56b1373f-95bd-4e74-9030-15708ada078d,Citroën,3916 kr/mån,Lånebelopp: 199200 kr,Kontantinsats: 49800 kr
db793a91-42fe-4f36-8967-4b6d19278721,Volvo XC40 Ultimate,Ultimate. Från 4 703 kr/mån. Miltal: 12 718 mil. Årsmodell: 2023. Växellåda: Automat. Bränsle: El. Reg.nr: SZA84S. Kontakta oss för mer information.,https://borasbil.se/bilar/volvo-xc40-recharge-single-motor-sza84s,Volvo,XC40,2023,127180,KM,SUV,Electric,Automatic,299000 SEK,299000 SEK,https://cdn.wayke.se/cfit/da7515c3-7e56-4a71-bc20-de2f6c9cfec3/7f4f5d73-e237-4034-949b-7e8ba323340a?format=jpeg&r=0000000&w=800,"[""Exterior""]",used,USED,in stock,SZA84S,Kinna Bil,Kinna,Västra Götalands län,SE,0acea758-e5c9-412b-933a-8cd3c8e269f3,Volvo,4703 kr/mån,Lånebelopp: 239200 kr,Kontantinsats: 59800 kr
d52b2c20-1086-4dc2-bea9-df7d25dbfa4a,Volvo XC60 Recharge T6 Core Edition - Drag!,Recharge T6 Core Edition - Drag!. Från 5 489 kr/mån. Miltal: 13 407 mil. Årsmodell: 2023. Växellåda: Automat. Bränsle: Laddhybrid. Reg.nr: EAP04P. Kontakta oss för mer information.,https://borasbil.se/bilar/volvo-xc60-eap04p,Volvo,XC60,2023,134070,KM,SUV,Plug-in Hybrid,Automatic,349000 SEK,349000 SEK,https://cdn.wayke.se/cfit/f1e49582-e2e3-42c2-9263-48be94a411ad/e23b5dc5-070f-4cb1-8033-c45a01547f48?format=jpeg&r=0000000&w=800,"[""Exterior""]",used,USED,in stock,EAP04P,Kinna Bil,Kinna,Västra Götalands län,SE,0acea758-e5c9-412b-933a-8cd3c8e269f3,Volvo,5489 kr/mån,Lånebelopp: 279200 kr,Kontantinsats: 69800 kr
5366dc18-7876-4202-9f06-8d41feb89338,Volvo EX60 - Beställ idag!,- Beställ idag!. Från 11 544 kr/mån. Årsmodell: 2026. Växellåda: Automat. Kontakta oss för mer information.,https://borasbil.se/bilar/volvo-ex60-p10-awd,Volvo,EX60,2026,1,KM,Sedan,,Automatic,734000 SEK,734000 SEK,https://cdn.wayke.se/cfit/eafb89fa-2d58-44ab-9421-5e07219108a9/4aab1cf5-2c75-4598-910b-e3537694752f?format=jpeg&r=0000000&w=800,"[""Exterior""]",new,NEW,in stock,,Borås Bil,Borås,Västra Götalands län,SE,56b1373f-95bd-4e74-9030-15708ada078d,Volvo,11544 kr/mån,Lånebelopp: 587200 kr,Kontantinsats: 146800 kr
00de1b7c-024a-4d87-bda9-f7ce5f720002,Lynk & Co 01,Från 6 747 kr/mån. Miltal: 85 mil. Årsmodell: 2025. Växellåda: Automat. Bränsle: Laddhybrid. Reg.nr: FSA25L. Kontakta oss för mer information.,https://borasbil.se/bilar/lynk-co-01-phev-fsa25l,Lynk & Co,01,2025,850,KM,Sedan,Plug-in Hybrid,Automatic,429000 SEK,429000 SEK,https://cdn.wayke.se/cfit/e3316885-56e0-4c44-8d61-dd6297a28ddf/5d95f3d8-44ee-4ce0-923c-1893ea74a676?format=jpeg&r=0000000&w=800,"[""Exterior""]",used,USED,in stock,FSA25L,Borås Bil,Borås,Västra Götalands län,SE,56b1373f-95bd-4e74-9030-15708ada078d,Lynk & Co,6747 kr/mån,Lånebelopp: 343200 kr,Kontantinsats: 85800 kr
923ea1ba-52d6-417e-884d-8976934a3107,Volvo XC60 T6 Ultra Black Edition,T6 Ultra Black Edition. Från 12 252 kr/mån. Miltal: 456 mil. Årsmodell: 2026. Växellåda: Automat. Bränsle: Laddhybrid. Reg.nr: PGJ18S. Kontakta oss för mer information.,https://borasbil.se/bilar/volvo-xc60-pgj18s,Volvo,XC60,2026,4560,KM,SUV,Plug-in Hybrid,Automatic,779000 SEK,779000 SEK,https://cdn.wayke.se/cfit/15917062-efad-4591-85c9-e690fdfc0901/06091d7b-169d-4097-81c5-24c0d9eaf00f?format=jpeg&r=0000000&w=800,"[""Exterior""]",new,NEW,in stock,PGJ18S,Bogesunds Bil Ulricehamn,Ulricehamn,Västra Götalands län,SE,c2d1288f-1959-4cbe-afd2-9e60608c9a6b,Volvo,12252 kr/mån,Lånebelopp: 623200 kr,Kontantinsats: 155800 kr
a9af5081-ba38-4d12-88cc-5322e92c6804,"Volvo EC40 UltraBlackSE, V-hjul","UltraBlackSE, V-hjul. Från 9 264 kr/mån. Miltal: 350 mil. Årsmodell: 2026. Växellåda: Automat. Bränsle: El. Reg.nr: CGH51S. Kontakta oss för mer information.",https://borasbil.se/bilar/volvo-ec40-twin-motor-performance-cgh51s,Volvo,EC40,2026,3500,KM,Sedan,Electric,Automatic,589000 SEK,589000 SEK,https://cdn.wayke.se/cfit/6290cf59-9755-4ba5-b817-3b8f3c40a428/57ed7b9b-6416-4fcb-97f6-236d1fc0e1b9?format=jpeg&r=0000000&w=800,"[""Exterior""]",new,NEW,in stock,CGH51S,Bogesunds Bil Ulricehamn,Ulricehamn,Västra Götalands län,SE,c2d1288f-1959-4cbe-afd2-9e60608c9a6b,Volvo,9264 kr/mån,Lånebelopp: 471200 kr,Kontantinsats: 117800 kr
1a7484d6-f095-49f8-9129-08927b36ea51,Volvo XC90 T8 Ultra Black Edition,T8 Ultra Black Edition. Från 15 555 kr/mån. Miltal: 81 mil. Årsmodell: 2026. Växellåda: Automat. Bränsle: Laddhybrid. Reg.nr: PJR03K. Kontakta oss för mer information.,https://borasbil.se/bilar/volvo-xc90-pjr03k,Volvo,XC90,2026,810,KM,SUV,Plug-in Hybrid,Automatic,989000 SEK,989000 SEK,https://cdn.wayke.se/cfit/40517cc2-6569-4d3d-91bf-68c3b23e9722/f76b5ff7-ec19-41a6-b7f7-bd8044299b14?format=jpeg&r=0000000&w=800,"[""Exterior""]",new,NEW,in stock,PJR03K,Borås Bil,Borås,Västra Götalands län,SE,56b1373f-95bd-4e74-9030-15708ada078d,Volvo,15555 kr/mån,Lånebelopp: 791200 kr,Kontantinsats: 197800 kr
9d84ec08-b293-45b7-bc10-37019dae1d22,Volvo XC60 T8 Plus Bright Nordic Edition,T8 Plus Bright Nordic Edition. Från 12 567 kr/mån. Miltal: 872 mil. Årsmodell: 2026. Växellåda: Automat. Bränsle: Laddhybrid. Reg.nr: ACJ65X. Kontakta oss för mer information.,https://borasbil.se/bilar/volvo-xc60-acj65x,Volvo,XC60,2026,8720,KM,SUV,Plug-in Hybrid,Automatic,799000 SEK,799000 SEK,https://cdn.wayke.se/cfit/de23758f-87fb-4ba3-bdb1-7758e277f32e/d33e783b-bc35-42d9-8492-841d84d5564f?format=jpeg&r=0000000&w=800,"[""Exterior""]",new,NEW,in stock,ACJ65X,Borås Bil,Borås,Västra Götalands län,SE,56b1373f-95bd-4e74-9030-15708ada078d,Volvo,12567 kr/mån,Lånebelopp: 639200 kr,Kontantinsats: 159800 kr
bfd9c118-0f6d-45af-a5ec-55659139f446,Volvo XC90 T8 Ultra Black Edition,T8 Ultra Black Edition. Från 15 712 kr/mån. Miltal: 417 mil. Årsmodell: 2026. Växellåda: Automat. Bränsle: Laddhybrid. Reg.nr: GCH30Z. Kontakta oss för mer information.,https://borasbil.se/bilar/volvo-xc90-gch30z,Volvo,XC90,2026,4170,KM,SUV,Plug-in Hybrid,Automatic,999000 SEK,999000 SEK,https://cdn.wayke.se/cfit/aee0d65b-93e3-4dc0-b059-7a87319e3421/ccf580ff-5583-4485-9dd2-372746f21a4c?format=jpeg&r=0000000&w=800,"[""Exterior""]",new,NEW,in stock,GCH30Z,Borås Bil,Borås,Västra Götalands län,SE,56b1373f-95bd-4e74-9030-15708ada078d,Volvo,15712 kr/mån,Lånebelopp: 799200 kr,Kontantinsats: 199800 kr
e83c2b88-fa39-4504-be78-e17fa55107f8,Volvo EC40 ExtendedRange Plus SE,ExtendedRange Plus SE. Från 9 421 kr/mån. Miltal: 1 mil. Årsmodell: 2026. Växellåda: Automat. Bränsle: El. Reg.nr: ZSK71A. Kontakta oss för mer information.,https://borasbil.se/bilar/volvo-ec40-single-motor-extended-range-zsk71a,Volvo,EC40,2026,10,KM,Sedan,Electric,Automatic,599000 SEK,599000 SEK,https://cdn.wayke.se/cfit/cdaaf52e-6f52-4724-bce2-72cfceb1e325/12eaf380-f9cf-414d-9a4f-ed1014a5feb7?format=jpeg&r=0000000&w=800,"[""Exterior""]",new,NEW,in stock,ZSK71A,Bogesunds Bil Ulricehamn,Ulricehamn,Västra Götalands län,SE,c2d1288f-1959-4cbe-afd2-9e60608c9a6b,Volvo,9421 kr/mån,Lånebelopp: 479200 kr,Kontantinsats: 119800 kr
a7899c55-b820-47eb-941b-89dc8f0082e7,Volvo ES90 Ultra,Ultra. Från 15 398 kr/mån. Årsmodell: 2026. Växellåda: Automat. Bränsle: El. Reg.nr: MMF85T. Kontakta oss för mer information.,https://borasbil.se/bilar/volvo-es90-single-motor-extended-range-mmf85t,Volvo,ES90,2026,1,KM,Sedan,Electric,Automatic,979000 SEK,979000 SEK,https://cdn.wayke.se/cfit/83911b1d-1756-41c0-8206-073c17a6cf75/7e099cb3-58ca-480e-99bd-709ebf78d374?format=jpeg&r=0000000&w=800,"[""Exterior""]",new,NEW,in stock,MMF85T,Kinna Bil,Kinna,Västra Götalands län,SE,0acea758-e5c9-412b-933a-8cd3c8e269f3,Volvo,15398 kr/mån,Lånebelopp: 783200 kr,Kontantinsats: 195800 kr
22fa9ea6-57f5-42eb-a73b-65ee9e522b4d,Volvo XC60 T8 Plus Black Nordic Edition,T8 Plus Black Nordic Edition. Från 12 567 kr/mån. Miltal: 457 mil. Årsmodell: 2026. Växellåda: Automat. Bränsle: Laddhybrid. Reg.nr: GYG30U. Kontakta oss för mer information.,https://borasbil.se/bilar/volvo-xc60-gyg30u,Volvo,XC60,2026,4570,KM,SUV,Plug-in Hybrid,Automatic,799000 SEK,799000 SEK,https://cdn.wayke.se/cfit/f2436fef-01a1-41d6-b682-6d5f69126d84/7ef66611-8485-4c0a-a49a-0d8fdbf0b5df?format=jpeg&r=0000000&w=800,"[""Exterior""]",new,NEW,in stock,GYG30U,Borås Bil,Borås,Västra Götalands län,SE,56b1373f-95bd-4e74-9030-15708ada078d,Volvo,12567 kr/mån,Lånebelopp: 639200 kr,Kontantinsats: 159800 kr
019016b5-6f15-41b4-ba63-03f5dd462996,Maxus T60 MAX Pickup 4x4 215hk,Pickup 4x4 215hk. Från 7 665 kr/mån. Årsmodell: 2025. Växellåda: Automat. Kontakta oss för mer information.,https://borasbil.se/bilar/maxus-t60-max,Maxus,T60 MAX,2025,1,KM,Sedan,,Automatic,487375 SEK,487375 SEK,https://cdn.wayke.se/cfit/cd65d2d2-5e24-4111-8930-4384ca6f50b5/6bc3cb4d-ec92-4db2-b999-6df228ada276?format=jpeg&r=0000000&w=800,"[""Exterior""]",used,USED,in stock,,Borås Bil,Borås,Västra Götalands län,SE,56b1373f-95bd-4e74-9030-15708ada078d,Maxus,7665 kr/mån,Lånebelopp: 389900 kr,Kontantinsats: 97475 kr
95dfa8f7-2252-481d-bcad-5ad957055dee,Maxus T60 MAX Pickup 4x4 215hk,Pickup 4x4 215hk. Från 7 665 kr/mån. Miltal: 3 mil. Årsmodell: 2025. Växellåda: Automat. Kontakta oss för mer information.,https://borasbil.se/bilar/maxus-t60-max,Maxus,T60 MAX,2025,30,KM,Sedan,,Automatic,487375 SEK,487375 SEK,https://cdn.wayke.se/cfit/890dd332-9eb7-4828-bad8-663bdcf2c7e5/78f1a01e-50f5-4d99-beb0-64baafe6ceed?format=jpeg&r=0000000&w=800,"[""Exterior""]",used,USED,in stock,,Borås Bil,Borås,Västra Götalands län,SE,56b1373f-95bd-4e74-9030-15708ada078d,Maxus,7665 kr/mån,Lånebelopp: 389900 kr,Kontantinsats: 97475 kr
7359e0f9-94c2-4d18-bd54-c6878410dcd3,Peugeot 5008 GT 145 A 5-d SUV 7 sits,GT 145 A 5-d SUV 7 sits. Från 6 275 kr/mån. Miltal: 275 mil. Årsmodell: 2025. Växellåda: Automat. Bränsle: Elhybrid. Reg.nr: LPG54W. Kontakta oss för mer information.,https://borasbil.se/bilar/peugeot-5008-hybrid-136-lpg54w,Peugeot,5008,2025,2750,KM,SUV,Hybrid,Automatic,399000 SEK,399000 SEK,https://cdn.wayke.se/cfit/1cc0985f-5e54-4719-97fb-7c7b79325d12/db20cf67-592a-401e-8097-be0184989797?format=jpeg&r=0000000&w=800,"[""Exterior""]",used,USED,in stock,LPG54W,Bogesunds Bil Ulricehamn,Ulricehamn,Västra Götalands län,SE,c2d1288f-1959-4cbe-afd2-9e60608c9a6b,Peugeot,6275 kr/mån,Lånebelopp: 319200 kr,Kontantinsats: 79800 kr
8d27ed0e-e8f6-4234-a6b1-d7f35b58dfac,Peugeot L1 130 AUT Dragkrok & Värmare 2 899kr/mån,130 AUT Dragkrok & Värmare 2 899kr/mån. Från 5 316 kr/mån. Årsmodell: 2025. Växellåda: Automat. Kontakta oss för mer information.,https://borasbil.se/bilar/peugeot-partner,Peugeot,L1,2025,1,KM,Sedan,,Automatic,338000 SEK,338000 SEK,https://cdn.wayke.se/cfit/bdda13f6-c6eb-4bc4-9667-c3ee902cf05c/f4d30876-da03-427b-83b6-fe99c76f4fc7?format=jpeg&r=0000000&w=800,"[""Exterior""]",used,USED,in stock,,Borås Bil,Borås,Västra Götalands län,SE,56b1373f-95bd-4e74-9030-15708ada078d,Peugeot,5316 kr/mån,Lånebelopp: 270400 kr,Kontantinsats: 67600 kr
ae382c4f-b317-4ef9-b0b2-247ec3548e27,Peugeot L1 130 AUT Borås Bil edition 4.600 kr/mån,130 AUT Borås Bil edition 4.600 kr/mån. Från 5 316 kr/mån. Miltal: 1 mil. Årsmodell: 2025. Växellåda: Automat. Kontakta oss för mer information.,https://borasbil.se/bilar/peugeot-partner,Peugeot,L1,2025,10,KM,Sedan,,Automatic,338000 SEK,338000 SEK,https://cdn.wayke.se/cfit/b8858256-20e3-4f97-9eee-13f78892eed4/71036248-3c4b-42ac-864b-01ec6eb2b0a1?format=jpeg&r=0000000&w=800,"[""Exterior""]",used,USED,in stock,,Borås Bil,Borås,Västra Götalands län,SE,56b1373f-95bd-4e74-9030-15708ada078d,Peugeot,5316 kr/mån,Lånebelopp: 270400 kr,Kontantinsats: 67600 kr
df4ae7e0-35af-4eeb-bd67-a188a5442976,Citroën C4 FL PLUS PureTech 130 A 5-d,FL PLUS PureTech 130 A 5-d. Från 4 339 kr/mån. Årsmodell: 2025. Växellåda: Automat. Bränsle: Bensin. Reg.nr: WCE76X. Kontakta oss för mer information.,https://borasbil.se/bilar/citroen-c4-wce76x,Citroën,C4,2025,1,KM,Sedan,Gasoline,Automatic,275900 SEK,275900 SEK,https://cdn.wayke.se/cfit/b184efc9-78e0-4844-b972-ec2457167a3b/2016081e-db42-4e78-94dd-ba0aded0a4da?format=jpeg&r=0000000&w=800,"[""Exterior""]",used,USED,in stock,WCE76X,Borås Bil,Borås,Västra Götalands län,SE,56b1373f-95bd-4e74-9030-15708ada078d,Citroën,4339 kr/mån,Lånebelopp: 220720 kr,Kontantinsats: 55180 kr
6c36c216-93fd-4db7-87f5-ac4e7d4412e1,Peugeot 2008 GT Electric 5-d SUV,GT Electric 5-d SUV. Från 3 130 kr/mån. Miltal: 3 750 mil. Årsmodell: 2022. Växellåda: Automat. Bränsle: El. Reg.nr: CBA86D. Kontakta oss för mer information.,https://borasbil.se/bilar/peugeot-e-2008-cba86d,Peugeot,2008,2022,37500,KM,Sedan,Electric,Automatic,199000 SEK,199000 SEK,https://cdn.wayke.se/cfit/e7a0afb6-4dab-4d58-80af-029ce8858e5c/2375b919-8574-4994-ad62-45946252e7c3?format=jpeg&r=0000000&w=800,"[""Exterior""]",used,USED,in stock,CBA86D,Borås Bil,Borås,Västra Götalands län,SE,56b1373f-95bd-4e74-9030-15708ada078d,Peugeot,3130 kr/mån,Lånebelopp: 159200 kr,Kontantinsats: 39800 kr
087c22e3-e8a8-4fdf-8f21-b8f159b9eb36,Volvo V90 Recharge T6 Inscription Expression,Recharge T6 Inscription Expression. Från 5 112 kr/mån. Miltal: 8 879 mil. Årsmodell: 2021. Växellåda: Automat. Bränsle: Laddhybrid. Reg.nr: LJY30M. Kontakta oss för mer information.,https://borasbil.se/bilar/volvo-v90-ljy30m,Volvo,V90,2021,88790,KM,Wagon,Plug-in Hybrid,Automatic,325000 SEK,325000 SEK,https://cdn.wayke.se/cfit/96d24b06-bb98-4c5e-a588-1481ab5319a8/aeeddf1d-8703-462d-b336-6ca496d4efd5?format=jpeg&r=0000000&w=800,"[""Exterior""]",used,USED,in stock,LJY30M,Borås Bil,Borås,Västra Götalands län,SE,56b1373f-95bd-4e74-9030-15708ada078d,Volvo,5112 kr/mån,Lånebelopp: 260000 kr,Kontantinsats: 65000 kr
7eded472-a3ea-46b7-ab26-5c9260a640b9,Polestar 2 78kWh,78kWh. Från 5 017 kr/mån. Miltal: 8 855 mil. Årsmodell: 2023. Växellåda: Automat. Bränsle: El. Reg.nr: MMF391. Kontakta oss för mer information.,https://borasbil.se/bilar/polestar-2-long-range-dual-motor-mmf391,Polestar,2,2023,88550,KM,Sedan,Electric,Automatic,319000 SEK,319000 SEK,https://cdn.wayke.se/cfit/7ca5d6c4-bd73-4310-a4df-05e8e85e1d58/64a0b6f4-2cc7-4056-8d0b-62d03bf58697?format=jpeg&r=0000000&w=800,"[""Exterior""]",used,USED,in stock,MMF391,Bogesunds Bil Ulricehamn,Ulricehamn,Västra Götalands län,SE,c2d1288f-1959-4cbe-afd2-9e60608c9a6b,Polestar,5017 kr/mån,Lånebelopp: 255200 kr,Kontantinsats: 63800 kr
97134881-9a25-495c-9d86-2b35d2d6e4e7,Peugeot 2008 GT Electric 5-d SUV,GT Electric 5-d SUV. Från 3 130 kr/mån. Miltal: 4 994 mil. Årsmodell: 2022. Växellåda: Automat. Bränsle: El. Reg.nr: TGG51S. Kontakta oss för mer information.,https://borasbil.se/bilar/peugeot-e-2008-tgg51s,Peugeot,2008,2022,49940,KM,Sedan,Electric,Automatic,199000 SEK,199000 SEK,https://cdn.wayke.se/cfit/05374c24-7321-4291-9102-95e7e70c4153/09cbe3e4-49b9-4583-a021-7e1f432f0f71?format=jpeg&r=0000000&w=800,"[""Exterior""]",used,USED,in stock,TGG51S,Borås Bil,Borås,Västra Götalands län,SE,56b1373f-95bd-4e74-9030-15708ada078d,Peugeot,3130 kr/mån,Lånebelopp: 159200 kr,Kontantinsats: 39800 kr
6f30bf3b-32e7-4621-973f-b160da4e0160,Lynk & Co 01,Från 4 388 kr/mån. Miltal: 2 413 mil. Årsmodell: 2022. Växellåda: Automat. Bränsle: Laddhybrid. Reg.nr: CHZ86W. Kontakta oss för mer information.,https://borasbil.se/bilar/lynk-co-01-phev-chz86w,Lynk & Co,01,2022,24130,KM,Sedan,Plug-in Hybrid,Automatic,279000 SEK,279000 SEK,https://cdn.wayke.se/cfit/0897fc07-c965-41b9-90f9-63b7fa7e70ee/99348e1c-dfd0-40ce-b9a1-1337d90d4d74?format=jpeg&r=0000000&w=800,"[""Exterior""]",used,USED,in stock,CHZ86W,Borås Bil,Borås,Västra Götalands län,SE,56b1373f-95bd-4e74-9030-15708ada078d,Lynk & Co,4388 kr/mån,Lånebelopp: 223200 kr,Kontantinsats: 55800 kr
dec2b004-867f-4da4-beac-54aca0cefe76,Volvo XC90 T8 Ultra Dark,T8 Ultra Dark. Från 14 139 kr/mån. Miltal: 2 356 mil. Årsmodell: 2026. Växellåda: Automat. Bränsle: Laddhybrid. Reg.nr: SBW05H. Kontakta oss för mer information.,https://borasbil.se/bilar/volvo-xc90-sbw05h,Volvo,XC90,2026,23560,KM,SUV,Plug-in Hybrid,Automatic,899000 SEK,899000 SEK,https://cdn.wayke.se/cfit/f475b01d-c4be-4d56-a83e-73f1ef67934b/8301a928-8cec-4862-adb7-fec5d11bc0af?format=jpeg&r=0000000&w=800,"[""Exterior""]",new,NEW,in stock,SBW05H,Borås Bil,Borås,Västra Götalands län,SE,56b1373f-95bd-4e74-9030-15708ada078d,Volvo,14139 kr/mån,Lånebelopp: 719200 kr,Kontantinsats: 179800 kr
d989840c-8fea-4793-a778-0ca57c056581,Lynk & Co 08,Från 9 437 kr/mån. Årsmodell: 2026. Växellåda: Automat. Bränsle: Laddhybrid. Reg.nr: XTB59S. Kontakta oss för mer information.,https://borasbil.se/bilar/lynk-co-08-phev-xtb59s,Lynk & Co,08,2026,1,KM,Sedan,Plug-in Hybrid,Automatic,599995 SEK,599995 SEK,https://cdn.wayke.se/cfit/41332821-5e93-4230-9516-047505f8d875/f60a4242-3766-4c8b-a3e0-4c86977c150f?format=jpeg&r=0000000&w=800,"[""Exterior""]",new,NEW,in stock,XTB59S,Borås Bil,Borås,Västra Götalands län,SE,56b1373f-95bd-4e74-9030-15708ada078d,Lynk & Co,9437 kr/mån,Lånebelopp: 479996 kr,Kontantinsats: 119999 kr
f6f324fd-0940-4b17-9ae7-da8e760f06ec,Volvo EX40 ExtendedRange Plus SE,ExtendedRange Plus SE. Från 8 477 kr/mån. Miltal: 142 mil. Årsmodell: 2026. Växellåda: Automat. Bränsle: El. Reg.nr: WRB30Z. Kontakta oss för mer information.,https://borasbil.se/bilar/volvo-ex40-single-motor-extended-range-wrb30z,Volvo,EX40,2026,1420,KM,Sedan,Electric,Automatic,539000 SEK,539000 SEK,https://cdn.wayke.se/cfit/ed6bf6a6-c726-40b2-b661-5a4a73a1712d/cbe3c872-6521-4609-8563-f5969d847910?format=jpeg&r=0000000&w=800,"[""Exterior""]",new,NEW,in stock,WRB30Z,Borås Bil,Borås,Västra Götalands län,SE,56b1373f-95bd-4e74-9030-15708ada078d,Volvo,8477 kr/mån,Lånebelopp: 431200 kr,Kontantinsats: 107800 kr
dc2dc335-11e3-4277-884c-40ff90dad9d6,Volvo XC90 T8 Ultra Dark,T8 Ultra Dark. Från 15 555 kr/mån. Miltal: 1 125 mil. Årsmodell: 2026. Växellåda: Automat. Bränsle: Laddhybrid. Reg.nr: LGJ37Z. Kontakta oss för mer information.,https://borasbil.se/bilar/volvo-xc90-lgj37z,Volvo,XC90,2026,11250,KM,SUV,Plug-in Hybrid,Automatic,989000 SEK,989000 SEK,https://cdn.wayke.se/cfit/ee6c3c58-2259-4ed9-aae4-5488a581968a/11ed15d5-73fe-4ddf-ae81-a087607ef0c1?format=jpeg&r=0000000&w=800,"[""Exterior""]",new,NEW,in stock,LGJ37Z,Borås Bil,Borås,Västra Götalands län,SE,56b1373f-95bd-4e74-9030-15708ada078d,Volvo,15555 kr/mån,Lånebelopp: 791200 kr,Kontantinsats: 197800 kr
e4adafad-5da4-4df7-abb6-643f76cb3a59,"Peugeot 2008 GT Electric 5-d SUV - Backkamera, Navigation","GT Electric 5-d SUV - Backkamera, Navigation. Från 3 130 kr/mån. Miltal: 2 471 mil. Årsmodell: 2022. Växellåda: Automat. Bränsle: El. Reg.nr: RAE27U. Kontakta oss för mer information.",https://borasbil.se/bilar/peugeot-e-2008-rae27u,Peugeot,2008,2022,24710,KM,Sedan,Electric,Automatic,199000 SEK,199000 SEK,https://cdn.wayke.se/cfit/831fca3c-a1a6-409b-b98a-730469b1ac3e/935e6ce9-6d45-4c60-9bea-7cdbc70337f5?format=jpeg&r=0000000&w=800,"[""Exterior""]",used,USED,in stock,RAE27U,Bogesunds Bil Ulricehamn,Ulricehamn,Västra Götalands län,SE,c2d1288f-1959-4cbe-afd2-9e60608c9a6b,Peugeot,3130 kr/mån,Lånebelopp: 159200 kr,Kontantinsats: 39800 kr
19c44a89-e3b8-4d88-a556-fbd6a4ea858c,Volvo EX30 M Perform Ultra,M Perform Ultra. Från 8 163 kr/mån. Miltal: 513 mil. Årsmodell: 2025. Växellåda: Automat. Bränsle: El. Reg.nr: KGA70G. Kontakta oss för mer information.,https://borasbil.se/bilar/volvo-ex30-cross-country-twin-motor-performance-kga70g,Volvo,EX30,2025,5130,KM,SUV,Electric,Automatic,519000 SEK,519000 SEK,https://cdn.wayke.se/cfit/a1f86d92-032a-4efd-89fc-b09d48eff427/8b09fcfc-c139-4ee0-bdee-428607e0664f?format=jpeg&r=0000000&w=800,"[""Exterior""]",used,USED,in stock,KGA70G,Borås Bil,Borås,Västra Götalands län,SE,56b1373f-95bd-4e74-9030-15708ada078d,Volvo,8163 kr/mån,Lånebelopp: 415200 kr,Kontantinsats: 103800 kr
201d810e-2969-45d4-900d-873d32a12baf,Renault Mégane E-TECH Equilibre 60kWh/220hk,Equilibre 60kWh/220hk. Från 3 602 kr/mån. Miltal: 6 283 mil. Årsmodell: 2023. Växellåda: Automat. Bränsle: El. Reg.nr: BJM38L. Kontakta oss för mer information.,https://borasbil.se/bilar/renault-megane-e-tech-bjm38l,Renault,Mégane E-TECH,2023,62830,KM,Sedan,Electric,Automatic,229000 SEK,229000 SEK,https://cdn.wayke.se/cfit/de9d9589-da73-4737-b263-79acbed90922/dbed9261-001c-40b9-a964-a075783f2906?format=jpeg&r=0000000&w=800,"[""Exterior""]",used,USED,in stock,BJM38L,Borås Bil,Borås,Västra Götalands län,SE,56b1373f-95bd-4e74-9030-15708ada078d,Renault,3602 kr/mån,Lånebelopp: 183200 kr,Kontantinsats: 45800 kr
215d0662-fd0d-47c5-a05d-f28aa52b4c0d,Peugeot 2008 Style Edition 145 A,Style Edition 145 A. Från 4 325 kr/mån. Miltal: 115 mil. Årsmodell: 2025. Växellåda: Automat. Bränsle: Elhybrid. Reg.nr: MTG22F. Kontakta oss för mer information.,https://borasbil.se/bilar/peugeot-2008-hybrid-136-mtg22f,Peugeot,2008,2025,1150,KM,Sedan,Hybrid,Automatic,275000 SEK,275000 SEK,https://cdn.wayke.se/cfit/5fcc24a8-f20a-46b4-9963-4c7b5da87c16/c82a18d6-65bc-4201-8771-71239bd04173?format=jpeg&r=0000000&w=800,"[""Exterior""]",used,USED,in stock,MTG22F,Borås Bil,Borås,Västra Götalands län,SE,56b1373f-95bd-4e74-9030-15708ada078d,Peugeot,4325 kr/mån,Lånebelopp: 220000 kr,Kontantinsats: 55000 kr
2598f12f-673d-49aa-8565-c7b5a78d7e58,Citroën C3 Aircross PLUS 7 sits 100hk,PLUS 7 sits 100hk. Från 3 759 kr/mån. Miltal: 62 mil. Årsmodell: 2025. Växellåda: Manuell. Bränsle: Bensin. Reg.nr: RJZ94H. Kontakta oss för mer information.,https://borasbil.se/bilar/citroen-c3-aircross-rjz94h,Citroën,C3 Aircross,2025,620,KM,Sedan,Gasoline,Manual,239000 SEK,239000 SEK,https://cdn.wayke.se/cfit/6120c21f-6a61-4471-8ea5-ee86fc2eac6f/de415fa2-2721-415d-a7c1-82978d951f96?format=jpeg&r=0000000&w=800,"[""Exterior""]",used,USED,in stock,RJZ94H,Borås Bil,Borås,Västra Götalands län,SE,56b1373f-95bd-4e74-9030-15708ada078d,Citroën,3759 kr/mån,Lånebelopp: 191200 kr,Kontantinsats: 47800 kr
ed2d8824-d15e-474d-88a2-cfe9a10a2990,Citroën C3 MAX 44 kWh,MAX 44 kWh. Från 4 388 kr/mån. Miltal: 102 mil. Årsmodell: 2025. Växellåda: Automat. Bränsle: El. Reg.nr: NRA78M. Kontakta oss för mer information.,https://borasbil.se/bilar/citroen-e-c3-nra78m,Citroën,C3,2025,1020,KM,Sedan,Electric,Automatic,279000 SEK,279000 SEK,https://cdn.wayke.se/cfit/7bba9018-f11c-4540-8dd2-29ce5d19c67e/d2745d59-e639-47cf-84be-ed367294f39e?format=jpeg&r=0000000&w=800,"[""Exterior""]",used,USED,in stock,NRA78M,Borås Bil,Borås,Västra Götalands län,SE,56b1373f-95bd-4e74-9030-15708ada078d,Citroën,4388 kr/mån,Lånebelopp: 223200 kr,Kontantinsats: 55800 kr
a38b6cc0-2471-41ed-a6d9-a95eac5ae0dd,Volvo XC40 Core Edition - Tonade rutor,Core Edition - Tonade rutor. Från 4 545 kr/mån. Miltal: 6 012 mil. Årsmodell: 2023. Växellåda: Automat. Bränsle: El. Reg.nr: MJA08F. Kontakta oss för mer information.,https://borasbil.se/bilar/volvo-xc40-recharge-single-motor-mja08f,Volvo,XC40,2023,60120,KM,SUV,Electric,Automatic,289000 SEK,289000 SEK,https://cdn.wayke.se/cfit/0b5f9124-987c-4e33-a0bc-d9d354612f97/d1bd12fc-35c6-4df1-91b7-15c722baa847?format=jpeg&r=0000000&w=800,"[""Exterior""]",used,USED,in stock,MJA08F,Bogesunds Bil Ulricehamn,Ulricehamn,Västra Götalands län,SE,c2d1288f-1959-4cbe-afd2-9e60608c9a6b,Volvo,4545 kr/mån,Lånebelopp: 231200 kr,Kontantinsats: 57800 kr
49ee1ebb-b6f8-4391-bb43-b663ac02f755,Volvo XC40 Core,Core. Från 5 332 kr/mån. Miltal: 6 279 mil. Årsmodell: 2023. Växellåda: Automat. Bränsle: El. Reg.nr: BAR02E. Kontakta oss för mer information.,https://borasbil.se/bilar/volvo-xc40-recharge-twin-motor-bar02e,Volvo,XC40,2023,62790,KM,SUV,Electric,Automatic,339000 SEK,339000 SEK,https://cdn.wayke.se/cfit/fbe6670f-3e91-4383-83ab-d6600094ed1b/fe7668bd-85e5-4779-a5ee-e3cfac1f1ffe?format=jpeg&r=0000000&w=800,"[""Exterior""]",used,USED,in stock,BAR02E,Borås Bil,Borås,Västra Götalands län,SE,56b1373f-95bd-4e74-9030-15708ada078d,Volvo,5332 kr/mån,Lånebelopp: 271200 kr,Kontantinsats: 67800 kr
7f70c2e3-144a-4ba8-a4ad-edab4fa62df8,Lynk & Co 08,Från 9 437 kr/mån. Årsmodell: 2026. Växellåda: Automat. Bränsle: Laddhybrid. Reg.nr: JBR87A. Kontakta oss för mer information.,https://borasbil.se/bilar/lynk-co-08-phev-jbr87a,Lynk & Co,08,2026,1,KM,Sedan,Plug-in Hybrid,Automatic,599995 SEK,599995 SEK,https://cdn.wayke.se/cfit/af3ecdb7-17b5-4431-88cf-a4dd0c48e27e/19384d58-9926-4c46-a3c0-48b8d1cbf344?format=jpeg&r=0000000&w=800,"[""Exterior""]",new,NEW,in stock,JBR87A,Borås Bil,Borås,Västra Götalands län,SE,56b1373f-95bd-4e74-9030-15708ada078d,Lynk & Co,9437 kr/mån,Lånebelopp: 479996 kr,Kontantinsats: 119999 kr
ed99fd1e-836a-42fc-a147-8442c5ed3d50,Volvo C40 Core,Core. Från 4 074 kr/mån. Miltal: 14 255 mil. Årsmodell: 2023. Växellåda: Automat. Bränsle: El. Reg.nr: NGX59A. Kontakta oss för mer information.,https://borasbil.se/bilar/volvo-c40-recharge-twin-motor-ngx59a,Volvo,C40,2023,142550,KM,Sedan,Electric,Automatic,259000 SEK,259000 SEK,https://cdn.wayke.se/cfit/abcc41df-dfff-4677-92a9-d29a4ba0ca4e/50665a1b-bd26-4da6-b74f-81167c364dc0?format=jpeg&r=0000000&w=800,"[""Exterior""]",used,USED,in stock,NGX59A,Kinna Bil,Kinna,Västra Götalands län,SE,0acea758-e5c9-412b-933a-8cd3c8e269f3,Volvo,4074 kr/mån,Lånebelopp: 207200 kr,Kontantinsats: 51800 kr
517ab5ba-bc75-4707-a681-26ec20b00473,Lynk & Co 01 Core,Core. Från 7 078 kr/mån. Årsmodell: 2025. Växellåda: Automat. Bränsle: Laddhybrid. Reg.nr: HDX84T. Kontakta oss för mer information.,https://borasbil.se/bilar/lynk-co-01-phev-hdx84t,Lynk & Co,01,2025,1,KM,Sedan,Plug-in Hybrid,Automatic,449995 SEK,449995 SEK,https://cdn.wayke.se/cfit/9fc14023-b270-4ed0-8013-d8858cfc226d/294382a3-236d-48ea-9828-ada701a27efa?format=jpeg&r=0000000&w=800,"[""Exterior""]",used,USED,in stock,HDX84T,Kinna Bil,Kinna,Västra Götalands län,SE,0acea758-e5c9-412b-933a-8cd3c8e269f3,Lynk & Co,7078 kr/mån,Lånebelopp: 359996 kr,Kontantinsats: 89999 kr
94c165e4-1ed5-4ef9-85e1-5e174d9f2e50,Peugeot Partner Skåp Plus L2 130 A Dangel 4x4,Skåp Plus L2 130 A Dangel 4x4. Från 8 163 kr/mån. Miltal: 40 mil. Årsmodell: 2025. Växellåda: Automat. Bränsle: Diesel. Reg.nr: BWB05S. Kontakta oss för mer information.,https://borasbil.se/bilar/peugeot-partner-bwb05s,Peugeot,Partner,2025,400,KM,Sedan,Diesel,Automatic,519000 SEK,519000 SEK,https://cdn.wayke.se/cfit/a4f44b39-9962-4e10-9adc-96104585344d/7e44d86f-a246-4126-a9db-e21918a42a5f?format=jpeg&r=0000000&w=800,"[""Exterior""]",used,USED,in stock,BWB05S,Borås Bil,Borås,Västra Götalands län,SE,56b1373f-95bd-4e74-9030-15708ada078d,Peugeot,8163 kr/mån,Lånebelopp: 415200 kr,Kontantinsats: 103800 kr
575be899-626e-4e42-a741-51d11741f1fb,Renault Trafic Passenger 9 sits PhII dCi 150 L2H1 A DB-skjutdörrar,Passenger 9 sits PhII dCi 150 L2H1 A DB-skjutdörrar. Från 5 804 kr/mån. Miltal: 5 252 mil. Årsmodell: 2024. Växellåda: Automat. Bränsle: Förbränningsmotor. Reg.nr: MLJ49F. Kontakta oss för mer information.,https://borasbil.se/bilar/renault-trafic-grand-kombi-mlj49f,Renault,Trafic,2024,52520,KM,Sedan,Förbränningsmotor,Automatic,369000 SEK,369000 SEK,https://cdn.wayke.se/cfit/e27b79c2-aa71-4d39-9ac8-7164e1e1ff23/709e63ba-1dd9-40d7-86d8-e6250b2a0d45?format=jpeg&r=0000000&w=800,"[""Exterior""]",used,USED,in stock,MLJ49F,Borås Bil,Borås,Västra Götalands län,SE,56b1373f-95bd-4e74-9030-15708ada078d,Renault,5804 kr/mån,Lånebelopp: 295200 kr,Kontantinsats: 73800 kr
37948950-71c8-450f-86b0-25c46d57babf,Volvo XC90 T8 Ultra Dark,T8 Ultra Dark. Från 14 454 kr/mån. Miltal: 744 mil. Årsmodell: 2026. Växellåda: Automat. Bränsle: Laddhybrid. Reg.nr: WLS84X. Kontakta oss för mer information.,https://borasbil.se/bilar/volvo-xc90-wls84x,Volvo,XC90,2026,7440,KM,SUV,Plug-in Hybrid,Automatic,919000 SEK,919000 SEK,https://cdn.wayke.se/cfit/6eb72329-b389-471b-b803-2abcf83679eb/9483c426-510f-4234-be04-94f93bbfcde1?format=jpeg&r=0000000&w=800,"[""Exterior""]",new,NEW,in stock,WLS84X,Kinna Bil,Kinna,Västra Götalands län,SE,0acea758-e5c9-412b-933a-8cd3c8e269f3,Volvo,14454 kr/mån,Lånebelopp: 735200 kr,Kontantinsats: 183800 kr
14b70e4f-d30d-4fe1-b03f-0f97534dd46b,Peugeot 3008 GT PureTech 130 A 5-d SUV,GT PureTech 130 A 5-d SUV. Från 3 444 kr/mån. Miltal: 5 403 mil. Årsmodell: 2022. Växellåda: Automat. Bränsle: Bensin. Reg.nr: KCS00G. Kontakta oss för mer information.,https://borasbil.se/bilar/peugeot-3008-kcs00g,Peugeot,3008,2022,54030,KM,SUV,Gasoline,Automatic,219000 SEK,219000 SEK,https://cdn.wayke.se/cfit/398f579f-83c3-4b8d-98dd-0d9e6041bdcd/eb1aae5b-c880-449f-aefb-767ff4f5c23b?format=jpeg&r=0000000&w=800,"[""Exterior""]",used,USED,in stock,KCS00G,Borås Bil,Borås,Västra Götalands län,SE,56b1373f-95bd-4e74-9030-15708ada078d,Peugeot,3444 kr/mån,Lånebelopp: 175200 kr,Kontantinsats: 43800 kr
7c31b78e-4b3e-4873-81dd-059b4eff55da,Volvo EX40 ExtendedRange Plus SE,ExtendedRange Plus SE. Från 8 320 kr/mån. Miltal: 442 mil. Årsmodell: 2026. Växellåda: Automat. Bränsle: El. Reg.nr: HUR03N. Kontakta oss för mer information.,https://borasbil.se/bilar/volvo-ex40-single-motor-extended-range-hur03n,Volvo,EX40,2026,4420,KM,Sedan,Electric,Automatic,529000 SEK,529000 SEK,https://cdn.wayke.se/cfit/b969d975-7d58-459e-b6b4-efb4b99c7d25/b3c83c0e-569a-4153-8eb9-ed04823009f2?format=jpeg&r=0000000&w=800,"[""Exterior""]",new,NEW,in stock,HUR03N,Kinna Bil,Kinna,Västra Götalands län,SE,0acea758-e5c9-412b-933a-8cd3c8e269f3,Volvo,8320 kr/mån,Lånebelopp: 423200 kr,Kontantinsats: 105800 kr
fe1f97ed-45f4-4926-976d-85a821a9e88a,Polestar 2 78kWh Plus,78kWh Plus. Från 4 860 kr/mån. Miltal: 10 796 mil. Årsmodell: 2022. Växellåda: Automat. Bränsle: El. Reg.nr: EYR66E. Kontakta oss för mer information.,https://borasbil.se/bilar/polestar-2-long-range-dual-motor-eyr66e,Polestar,2,2022,107960,KM,Sedan,Electric,Automatic,309000 SEK,309000 SEK,https://cdn.wayke.se/cfit/b300d0f1-1a40-4c54-9d85-7aab48f85d79/f1ea7fbf-86ed-4e0a-92a1-563e684e1b72?format=jpeg&r=0000000&w=800,"[""Exterior""]",used,USED,in stock,EYR66E,Kinna Bil,Kinna,Västra Götalands län,SE,0acea758-e5c9-412b-933a-8cd3c8e269f3,Polestar,4860 kr/mån,Lånebelopp: 247200 kr,Kontantinsats: 61800 kr
1216d5ac-2b04-44ed-92ab-a38aab4eeda8,Volvo XC90 Recharge T8 Inscription 7-säten - Pano/UD,Recharge T8 Inscription 7-säten - Pano/UD. Från 8 477 kr/mån. Miltal: 10 447 mil. Årsmodell: 2022. Växellåda: Automat. Bränsle: Laddhybrid. Reg.nr: DCY26K. Kontakta oss för mer information.,https://borasbil.se/bilar/volvo-xc90-7-saten-dcy26k,Volvo,XC90,2022,104470,KM,SUV,Plug-in Hybrid,Automatic,539000 SEK,539000 SEK,https://cdn.wayke.se/cfit/fa70949f-e459-4c34-9977-979f8e8ed288/f2dd51c6-7c8a-4f2e-a58e-dffd690b766d?format=jpeg&r=0000000&w=800,"[""Exterior""]",used,USED,in stock,DCY26K,Kinna Bil,Kinna,Västra Götalands län,SE,0acea758-e5c9-412b-933a-8cd3c8e269f3,Volvo,8477 kr/mån,Lånebelopp: 431200 kr,Kontantinsats: 107800 kr
1911b3d1-eb18-4304-83ee-01ae276b5074,Volvo C40 Core,Core. Från 5 332 kr/mån. Miltal: 5 905 mil. Årsmodell: 2023. Växellåda: Automat. Bränsle: El. Reg.nr: WAA06D. Kontakta oss för mer information.,https://borasbil.se/bilar/volvo-c40-recharge-twin-motor-waa06d,Volvo,C40,2023,59050,KM,Sedan,Electric,Automatic,339000 SEK,339000 SEK,https://cdn.wayke.se/cfit/f68753a1-f2d0-4e13-a443-f6860bd50267/58e98ad2-0d2a-43f8-99ef-8c9150c4a440?format=jpeg&r=0000000&w=800,"[""Exterior""]",used,USED,in stock,WAA06D,Kinna Bil,Kinna,Västra Götalands län,SE,0acea758-e5c9-412b-933a-8cd3c8e269f3,Volvo,5332 kr/mån,Lånebelopp: 271200 kr,Kontantinsats: 67800 kr
f64f4909-6225-448a-acd7-baf44677519e,"Citroën C3 SHINE Pure Tech 82 5-d Apple Carplay, keyless Go","SHINE Pure Tech 82 5-d Apple Carplay, keyless Go. Från 2 029 kr/mån. Miltal: 2 400 mil. Årsmodell: 2023. Växellåda: Manuell. Bränsle: Bensin. Reg.nr: KRL09C. Kontakta oss för mer information.",https://borasbil.se/bilar/citroen-c3-krl09c,Citroën,C3,2023,24000,KM,Sedan,Gasoline,Manual,129000 SEK,129000 SEK,https://cdn.wayke.se/cfit/d3bd2795-86a9-4bfa-936d-23dc19b52ee4/352700a8-c3e1-4d2d-85c1-7c6730353f5a?format=jpeg&r=0000000&w=800,"[""Exterior""]",used,USED,in stock,KRL09C,Borås Bil,Borås,Västra Götalands län,SE,56b1373f-95bd-4e74-9030-15708ada078d,Citroën,2029 kr/mån,Lånebelopp: 103200 kr,Kontantinsats: 25800 kr
c36e2b4f-053f-44ed-afa2-dadb8030b1d4,Renault Mégane E-TECH Equilibre 40kWh/130hk,Equilibre 40kWh/130hk. Från 2 973 kr/mån. Miltal: 6 024 mil. Årsmodell: 2023. Växellåda: Automat. Bränsle: El. Reg.nr: OMU43C. Kontakta oss för mer information.,https://borasbil.se/bilar/renault-megane-e-tech-omu43c,Renault,Mégane E-TECH,2023,60240,KM,Sedan,Electric,Automatic,189000 SEK,189000 SEK,https://cdn.wayke.se/cfit/dd4fed2f-73d3-4f7e-88e8-10ee1a212e25/7b2b04e6-e12f-4801-9dcd-a3fae1a55241?format=jpeg&r=0000000&w=800,"[""Exterior""]",used,USED,in stock,OMU43C,Borås Bil,Borås,Västra Götalands län,SE,56b1373f-95bd-4e74-9030-15708ada078d,Renault,2973 kr/mån,Lånebelopp: 151200 kr,Kontantinsats: 37800 kr
fd848047-b35a-43d6-aa8a-22eb94c9c3f5,Polestar 2 78kWh,78kWh. Från 4 545 kr/mån. Miltal: 9 836 mil. Årsmodell: 2023. Växellåda: Automat. Bränsle: El. Reg.nr: ADD17J. Kontakta oss för mer information.,https://borasbil.se/bilar/polestar-2-long-range-single-motor-add17j,Polestar,2,2023,98360,KM,Sedan,Electric,Automatic,289000 SEK,289000 SEK,https://cdn.wayke.se/cfit/73f68050-ff79-4d9a-803c-1cb876442f38/e7b32c35-b410-4149-aaa1-4a3f94757b78?format=jpeg&r=0000000&w=800,"[""Exterior""]",used,USED,in stock,ADD17J,Borås Bil,Borås,Västra Götalands län,SE,56b1373f-95bd-4e74-9030-15708ada078d,Polestar,4545 kr/mån,Lånebelopp: 231200 kr,Kontantinsats: 57800 kr
a3ec2870-a89d-43b7-9999-a609fcf76d8f,Volvo C40 Plus,Plus. Från 5 175 kr/mån. Miltal: 8 784 mil. Årsmodell: 2023. Växellåda: Automat. Bränsle: El. Reg.nr: NWN59F. Kontakta oss för mer information.,https://borasbil.se/bilar/volvo-c40-recharge-twin-motor-nwn59f,Volvo,C40,2023,87840,KM,Sedan,Electric,Automatic,329000 SEK,329000 SEK,https://cdn.wayke.se/cfit/aa9682b1-5327-46b8-b5ba-4a4e7d0dbc26/13d6eb0d-6769-446b-8701-dff30dc141d5?format=jpeg&r=0000000&w=800,"[""Exterior""]",used,USED,in stock,NWN59F,Kinna Bil,Kinna,Västra Götalands län,SE,0acea758-e5c9-412b-933a-8cd3c8e269f3,Volvo,5175 kr/mån,Lånebelopp: 263200 kr,Kontantinsats: 65800 kr
12d10aa1-b3d7-4730-bd1f-08f966cb99cc,"Citroën C4 Edition Pure Tech 130 A 5-d - Dragkrok, Navigation, Backkamera","Edition Pure Tech 130 A 5-d - Dragkrok, Navigation, Backkamera. Från 3 130 kr/mån. Miltal: 2 682 mil. Årsmodell: 2023. Växellåda: Automat. Bränsle: Bensin. Reg.nr: MBO756. Kontakta oss för mer information.",https://borasbil.se/bilar/citroen-c4-x-mbo756,Citroën,C4,2023,26820,KM,Sedan,Gasoline,Automatic,199000 SEK,199000 SEK,https://cdn.wayke.se/cfit/1e8a4e34-0d29-489f-b5b2-37cca2bad845/03939a2c-1380-4d05-9851-917d6f118314?format=jpeg&r=0000000&w=800,"[""Exterior""]",used,USED,in stock,MBO756,Bogesunds Bil Ulricehamn,Ulricehamn,Västra Götalands län,SE,c2d1288f-1959-4cbe-afd2-9e60608c9a6b,Citroën,3130 kr/mån,Lånebelopp: 159200 kr,Kontantinsats: 39800 kr
0facb49c-3bcd-4239-bc92-973ea3268366,Volvo XC40 Core,Core. Från 5 646 kr/mån. Miltal: 11 935 mil. Årsmodell: 2024. Växellåda: Automat. Bränsle: El. Reg.nr: RBX39P. Kontakta oss för mer information.,https://borasbil.se/bilar/volvo-xc40-recharge-twin-motor-rbx39p,Volvo,XC40,2024,119350,KM,SUV,Electric,Automatic,359000 SEK,359000 SEK,https://cdn.wayke.se/cfit/1859aa96-0d9c-466f-b6a5-5e11c04d7620/ad9978ed-17d8-48c6-8c4b-cff4db3c0851?format=jpeg&r=0000000&w=800,"[""Exterior""]",used,USED,in stock,RBX39P,Kinna Bil,Kinna,Västra Götalands län,SE,0acea758-e5c9-412b-933a-8cd3c8e269f3,Volvo,5646 kr/mån,Lånebelopp: 287200 kr,Kontantinsats: 71800 kr
a7dcbb15-e13b-4120-8435-6d890a73e531,Lynk & Co 08,Från 8 949 kr/mån. Miltal: 800 mil. Årsmodell: 2026. Växellåda: Automat. Bränsle: Laddhybrid. Reg.nr: WJB33T. Kontakta oss för mer information.,https://borasbil.se/bilar/lynk-co-08-phev-wjb33t,Lynk & Co,08,2026,8000,KM,Sedan,Plug-in Hybrid,Automatic,569000 SEK,569000 SEK,https://cdn.wayke.se/cfit/ed9c786e-00db-4fcf-b1b6-405216b53d89/fe241a1d-dfc6-40bf-bc58-dafca99e9ba2?format=jpeg&r=0000000&w=800,"[""Exterior""]",new,NEW,in stock,WJB33T,Borås Bil,Borås,Västra Götalands län,SE,56b1373f-95bd-4e74-9030-15708ada078d,Lynk & Co,8949 kr/mån,Lånebelopp: 455200 kr,Kontantinsats: 113800 kr
2cab18a5-683f-46f9-be4b-e9970b2b4897,Volvo C40 Core,Core. Från 5 332 kr/mån. Miltal: 6 388 mil. Årsmodell: 2023. Växellåda: Automat. Bränsle: El. Reg.nr: FPW005. Kontakta oss för mer information.,https://borasbil.se/bilar/volvo-c40-recharge-twin-motor-fpw005,Volvo,C40,2023,63880,KM,Sedan,Electric,Automatic,339000 SEK,339000 SEK,https://cdn.wayke.se/cfit/97c01de6-6dcb-4b04-9c09-201a8e7a1ba7/b042611a-26a0-441e-85bc-5636f843ad3f?format=jpeg&r=0000000&w=800,"[""Exterior""]",used,USED,in stock,FPW005,Kinna Bil,Kinna,Västra Götalands län,SE,0acea758-e5c9-412b-933a-8cd3c8e269f3,Volvo,5332 kr/mån,Lånebelopp: 271200 kr,Kontantinsats: 67800 kr
3572cce8-64e6-472d-a0d2-3bdec32b84a9,Volvo EX30 Ultra,Ultra. Från 8 320 kr/mån. Miltal: 323 mil. Årsmodell: 2026. Växellåda: Automat. Bränsle: El. Reg.nr: WES85M. Kontakta oss för mer information.,https://borasbil.se/bilar/volvo-ex30-twin-motor-performance-wes85m,Volvo,EX30,2026,3230,KM,SUV,Electric,Automatic,529000 SEK,529000 SEK,https://cdn.wayke.se/cfit/c34abd0b-d6b1-45d3-b5c8-760e31b14973/b0624bcf-2253-4e42-97ee-5927d7853652?format=jpeg&r=0000000&w=800,"[""Exterior""]",new,NEW,in stock,WES85M,Borås Bil,Borås,Västra Götalands län,SE,56b1373f-95bd-4e74-9030-15708ada078d,Volvo,8320 kr/mån,Lånebelopp: 423200 kr,Kontantinsats: 105800 kr
666cfe6b-82cb-440d-bda9-751c13f5dfc2,Polestar 2 78kWh - 95% batterihälsa,78kWh - 95% batterihälsa. Från 4 545 kr/mån. Miltal: 7 472 mil. Årsmodell: 2023. Växellåda: Automat. Bränsle: El. Reg.nr: DOE34C. Kontakta oss för mer information.,https://borasbil.se/bilar/polestar-2-long-range-single-motor-doe34c,Polestar,2,2023,74720,KM,Sedan,Electric,Automatic,289000 SEK,289000 SEK,https://cdn.wayke.se/cfit/8b49d137-d8f5-40e5-9ad8-26814ee87670/48f6c757-f501-4c5f-850b-e8be9ad05247?format=jpeg&r=0000000&w=800,"[""Exterior""]",used,USED,in stock,DOE34C,Kinna Bil,Kinna,Västra Götalands län,SE,0acea758-e5c9-412b-933a-8cd3c8e269f3,Polestar,4545 kr/mån,Lånebelopp: 231200 kr,Kontantinsats: 57800 kr
4f030fc8-af43-477a-8d3e-69d91de25afd,Volvo XC90 Recharge T8 Ultimate Dark - Pano/Drag!,Recharge T8 Ultimate Dark - Pano/Drag!. Från 9 264 kr/mån. Miltal: 10 198 mil. Årsmodell: 2023. Växellåda: Automat. Bränsle: Laddhybrid. Reg.nr: UPM79S. Kontakta oss för mer information.,https://borasbil.se/bilar/volvo-xc90-7-saten-upm79s,Volvo,XC90,2023,101980,KM,SUV,Plug-in Hybrid,Automatic,589000 SEK,589000 SEK,https://cdn.wayke.se/cfit/6adf7f40-8a55-42a8-bed3-dbfc9afc8cad/b4769203-eb10-4f40-9030-6cd0c8161cfd?format=jpeg&r=0000000&w=800,"[""Exterior""]",used,USED,in stock,UPM79S,Kinna Bil,Kinna,Västra Götalands län,SE,0acea758-e5c9-412b-933a-8cd3c8e269f3,Volvo,9264 kr/mån,Lånebelopp: 471200 kr,Kontantinsats: 117800 kr
544bf3b6-b9cd-403e-bb26-995bdf7350c8,Volvo EX30 Core,Core. Från 7 455 kr/mån. Årsmodell: 2026. Växellåda: Automat. Bränsle: El. Reg.nr: JNA89D. Kontakta oss för mer information.,https://borasbil.se/bilar/volvo-ex30-single-motor-extended-range-jna89d,Volvo,EX30,2026,1,KM,SUV,Electric,Automatic,474000 SEK,474000 SEK,https://cdn.wayke.se/cfit/fc3a72c1-e312-4247-9afa-3a6b8528b14c/7e8cc4a7-2b56-42d6-8b69-0874a38d8435?format=jpeg&r=0000000&w=800,"[""Exterior""]",new,NEW,in stock,JNA89D,Kinna Bil,Kinna,Västra Götalands län,SE,0acea758-e5c9-412b-933a-8cd3c8e269f3,Volvo,7455 kr/mån,Lånebelopp: 379200 kr,Kontantinsats: 94800 kr
57a54835-3652-495f-bf03-4a5b2267c279,Lynk & Co 02 EV BEV,BEV. Från 7 471 kr/mån. Årsmodell: 2025. Växellåda: Automat. Bränsle: El. Reg.nr: BDR07E. Kontakta oss för mer information.,https://borasbil.se/bilar/lynk-co-02-ev-bdr07e,Lynk & Co,02 EV,2025,1,KM,Sedan,Electric,Automatic,474995 SEK,474995 SEK,https://cdn.wayke.se/cfit/097d50b7-f564-4b99-82f1-6d1641381f10/0c432b65-b1c2-43a0-8469-17cfa8dba0f6?format=jpeg&r=0000000&w=800,"[""Exterior""]",used,USED,in stock,BDR07E,Borås Bil,Borås,Västra Götalands län,SE,56b1373f-95bd-4e74-9030-15708ada078d,Lynk & Co,7471 kr/mån,Lånebelopp: 379996 kr,Kontantinsats: 94999 kr
f5490f22-6c40-444a-860c-3b89f24bec57,"Citroën C4 SHINE Electric 50 kwh 5-d, Adaptiv farthållare, metallic lack","SHINE Electric 50 kwh 5-d, Adaptiv farthållare, metallic lack. Från 2 815 kr/mån. Miltal: 4 858 mil. Årsmodell: 2022. Växellåda: Automat. Bränsle: El. Reg.nr: XCZ09M. Kontakta oss för mer information.",https://borasbil.se/bilar/citroen-e-c4-xcz09m,Citroën,C4,2022,48580,KM,Sedan,Electric,Automatic,179000 SEK,179000 SEK,https://cdn.wayke.se/cfit/e0ea3ae7-8b6b-4d51-bbd6-96bd1358b8eb/b7294ccc-75ba-467d-b562-0671416fc0b5?format=jpeg&r=0000000&w=800,"[""Exterior""]",used,USED,in stock,XCZ09M,Borås Bil,Borås,Västra Götalands län,SE,56b1373f-95bd-4e74-9030-15708ada078d,Citroën,2815 kr/mån,Lånebelopp: 143200 kr,Kontantinsats: 35800 kr
b328209a-4cad-415c-adb7-49455525e998,Volvo V60 T6 Ultra Dark - DRAG!,T6 Ultra Dark - DRAG!. Från 7 376 kr/mån. Miltal: 3 658 mil. Årsmodell: 2025. Växellåda: Automat. Bränsle: Laddhybrid. Reg.nr: RBG48S. Kontakta oss för mer information.,https://borasbil.se/bilar/volvo-v60-rbg48s,Volvo,V60,2025,36580,KM,Wagon,Plug-in Hybrid,Automatic,469000 SEK,469000 SEK,https://cdn.wayke.se/cfit/9ba89d23-184d-40c6-9c1c-77c7d516a654/74cc1a47-258b-40a9-8dec-cf5193a7589e?format=jpeg&r=0000000&w=800,"[""Exterior""]",used,USED,in stock,RBG48S,Borås Bil,Borås,Västra Götalands län,SE,56b1373f-95bd-4e74-9030-15708ada078d,Volvo,7376 kr/mån,Lånebelopp: 375200 kr,Kontantinsats: 93800 kr
544cf2a5-855a-4656-a8bf-92c2ae352495,Volvo XC40 Core Edition,Core Edition. Från 4 074 kr/mån. Miltal: 12 620 mil. Årsmodell: 2023. Växellåda: Automat. Bränsle: El. Reg.nr: WAA78P. Kontakta oss för mer information.,https://borasbil.se/bilar/volvo-xc40-recharge-single-motor-waa78p,Volvo,XC40,2023,126200,KM,SUV,Electric,Automatic,259000 SEK,259000 SEK,https://cdn.wayke.se/cfit/97b4351e-6aca-4c7d-8f16-e04bf6718a2d/41331cf6-3763-4c87-bfc0-9dc0d89a3276?format=jpeg&r=0000000&w=800,"[""Exterior""]",used,USED,in stock,WAA78P,Bogesunds Bil Ulricehamn,Ulricehamn,Västra Götalands län,SE,c2d1288f-1959-4cbe-afd2-9e60608c9a6b,Volvo,4074 kr/mån,Lånebelopp: 207200 kr,Kontantinsats: 51800 kr
1aa24987-91fd-4d86-85c5-4af6ec0f840b,Volvo XC90 Recharge T8 Inscription 7-säten,Recharge T8 Inscription 7-säten. Från 6 590 kr/mån. Miltal: 15 806 mil. Årsmodell: 2021. Växellåda: Automat. Bränsle: Laddhybrid. Reg.nr: BZJ63U. Kontakta oss för mer information.,https://borasbil.se/bilar/volvo-xc90-7-saten-bzj63u,Volvo,XC90,2021,158060,KM,SUV,Plug-in Hybrid,Automatic,419000 SEK,419000 SEK,https://cdn.wayke.se/cfit/ed081563-b7c1-4690-bbb3-901986d46209/2d4c9bfe-5291-440a-b93d-2b88c2baaf0d?format=jpeg&r=0000000&w=800,"[""Exterior""]",used,USED,in stock,BZJ63U,Borås Bil,Borås,Västra Götalands län,SE,56b1373f-95bd-4e74-9030-15708ada078d,Volvo,6590 kr/mån,Lånebelopp: 335200 kr,Kontantinsats: 83800 kr
92566fd5-f8c7-4146-911d-a1ff9c77223b,Lynk & Co 08,Från 8 949 kr/mån. Miltal: 1 100 mil. Årsmodell: 2026. Växellåda: Automat. Bränsle: Laddhybrid. Reg.nr: LFH12K. Kontakta oss för mer information.,https://borasbil.se/bilar/lynk-co-08-phev-lfh12k,Lynk & Co,08,2026,11000,KM,Sedan,Plug-in Hybrid,Automatic,569000 SEK,569000 SEK,https://cdn.wayke.se/cfit/46c4d765-8fdb-43e5-8d4e-0dd7be37f7ef/4f5fee9c-adc7-4de8-8016-d3d288c18aa7?format=jpeg&r=0000000&w=800,"[""Exterior""]",new,NEW,in stock,LFH12K,Kinna Bil,Kinna,Västra Götalands län,SE,0acea758-e5c9-412b-933a-8cd3c8e269f3,Lynk & Co,8949 kr/mån,Lånebelopp: 455200 kr,Kontantinsats: 113800 kr
2a619fd5-3141-43b9-b357-366479ef9418,Lynk & Co 01,Från 6 590 kr/mån. Miltal: 250 mil. Årsmodell: 2025. Växellåda: Automat. Bränsle: Laddhybrid. Reg.nr: XDR03R. Kontakta oss för mer information.,https://borasbil.se/bilar/lynk-co-01-phev-xdr03r,Lynk & Co,01,2025,2500,KM,Sedan,Plug-in Hybrid,Automatic,419000 SEK,419000 SEK,https://cdn.wayke.se/cfit/bb706338-413a-4bd2-9fcf-c1b758439de2/7fa9c49c-97f6-4eb6-ae7a-3ca489e2bf2c?format=jpeg&r=0000000&w=800,"[""Exterior""]",used,USED,in stock,XDR03R,Kinna Bil,Kinna,Västra Götalands län,SE,0acea758-e5c9-412b-933a-8cd3c8e269f3,Lynk & Co,6590 kr/mån,Lånebelopp: 335200 kr,Kontantinsats: 83800 kr
09a00411-391e-42da-9c87-df660ef92543,Volvo V60 Recharge T6 Core Edition - Driver Awareness!,Recharge T6 Core Edition - Driver Awareness!. Från 5 489 kr/mån. Miltal: 8 023 mil. Årsmodell: 2024. Växellåda: Automat. Bränsle: Laddhybrid. Reg.nr: AOJ02Z. Kontakta oss för mer information.,https://borasbil.se/bilar/volvo-v60-aoj02z,Volvo,V60,2024,80230,KM,Wagon,Plug-in Hybrid,Automatic,349000 SEK,349000 SEK,https://cdn.wayke.se/cfit/7a83852c-a157-4ad5-91b7-8cf08670b3c5/396b80d0-a25b-4922-a929-d75f8f598aa3?format=jpeg&r=0000000&w=800,"[""Exterior""]",used,USED,in stock,AOJ02Z,Kinna Bil,Kinna,Västra Götalands län,SE,0acea758-e5c9-412b-933a-8cd3c8e269f3,Volvo,5489 kr/mån,Lånebelopp: 279200 kr,Kontantinsats: 69800 kr
eeb161b8-8d80-403f-bb7d-6290228be5c1,Lynk & Co 08,Från 8 949 kr/mån. Miltal: 605 mil. Årsmodell: 2026. Växellåda: Automat. Bränsle: Laddhybrid. Reg.nr: JJF01A. Kontakta oss för mer information.,https://borasbil.se/bilar/lynk-co-08-phev-jjf01a,Lynk & Co,08,2026,6050,KM,Sedan,Plug-in Hybrid,Automatic,569000 SEK,569000 SEK,https://cdn.wayke.se/cfit/54bd97d5-31e3-42b4-97aa-472aafb33109/4d75f992-3726-45fe-bcab-c2f4d01f3ce1?format=jpeg&r=0000000&w=800,"[""Exterior""]",new,NEW,in stock,JJF01A,Bogesunds Bil Ulricehamn,Ulricehamn,Västra Götalands län,SE,c2d1288f-1959-4cbe-afd2-9e60608c9a6b,Lynk & Co,8949 kr/mån,Lånebelopp: 455200 kr,Kontantinsats: 113800 kr
d6091a3b-4b7f-4705-8486-f12a8cd1cd9d,Lynk & Co 01,Från 6 590 kr/mån. Miltal: 406 mil. Årsmodell: 2025. Växellåda: Automat. Bränsle: Laddhybrid. Reg.nr: BJB46N. Kontakta oss för mer information.,https://borasbil.se/bilar/lynk-co-01-phev-bjb46n,Lynk & Co,01,2025,4060,KM,Sedan,Plug-in Hybrid,Automatic,419000 SEK,419000 SEK,https://cdn.wayke.se/cfit/c108a3c0-f993-47c6-a1ac-19470971364d/2ec9af5c-cbca-4daf-bb05-28cd317accd6?format=jpeg&r=0000000&w=800,"[""Exterior""]",used,USED,in stock,BJB46N,Bogesunds Bil Ulricehamn,Ulricehamn,Västra Götalands län,SE,c2d1288f-1959-4cbe-afd2-9e60608c9a6b,Lynk & Co,6590 kr/mån,Lånebelopp: 335200 kr,Kontantinsats: 83800 kr
988dc31d-6914-45a0-bfa6-d5d01ee7770e,Polestar 2 78kWh Pilot lite,78kWh Pilot lite. Från 5 332 kr/mån. Miltal: 6 483 mil. Årsmodell: 2022. Växellåda: Automat. Bränsle: El. Reg.nr: TEF77A. Kontakta oss för mer information.,https://borasbil.se/bilar/polestar-2-long-range-dual-motor-tef77a,Polestar,2,2022,64830,KM,Sedan,Electric,Automatic,339000 SEK,339000 SEK,https://cdn.wayke.se/cfit/fcc597b4-6206-4bd2-a3e0-16251f399ae2/5e56787e-89db-4609-a82b-fa40915c1a4e?format=jpeg&r=0000000&w=800,"[""Exterior""]",used,USED,in stock,TEF77A,Bogesunds Bil Ulricehamn,Ulricehamn,Västra Götalands län,SE,c2d1288f-1959-4cbe-afd2-9e60608c9a6b,Polestar,5332 kr/mån,Lånebelopp: 271200 kr,Kontantinsats: 67800 kr
d0d9ba19-1a43-4c37-baf7-6c04d0b6088a,Volvo EX30 Plus,Plus. Från 7 219 kr/mån. Miltal: 285 mil. Årsmodell: 2026. Växellåda: Automat. Bränsle: El. Reg.nr: EAX08B. Kontakta oss för mer information.,https://borasbil.se/bilar/volvo-ex30-single-motor-extended-range-eax08b,Volvo,EX30,2026,2850,KM,SUV,Electric,Automatic,459000 SEK,459000 SEK,https://cdn.wayke.se/cfit/8e46ccdd-ea87-4033-b35c-46b62ba3ef69/ac0a40e6-66ba-4ed3-8bf0-ac764dc5597b?format=jpeg&r=0000000&w=800,"[""Exterior""]",new,NEW,in stock,EAX08B,Borås Bil,Borås,Västra Götalands län,SE,56b1373f-95bd-4e74-9030-15708ada078d,Volvo,7219 kr/mån,Lånebelopp: 367200 kr,Kontantinsats: 91800 kr
0220ee0b-2f81-4758-a49e-a6f0980ca684,Volvo EX90 Ultra 6sätes,Ultra 6sätes. Från 15 240 kr/mån. Miltal: 646 mil. Årsmodell: 2025. Växellåda: Automat. Bränsle: El. Reg.nr: JBK63F. Kontakta oss för mer information.,https://borasbil.se/bilar/volvo-ex90-twin-motor-performance-jbk63f,Volvo,EX90,2025,6460,KM,SUV,Electric,Automatic,969000 SEK,969000 SEK,https://cdn.wayke.se/cfit/0611ce31-4512-4465-b399-1f2b540591fa/8c6c893d-225d-4172-95f5-58e72ca38026?format=jpeg&r=0000000&w=800,"[""Exterior""]",used,USED,in stock,JBK63F,Bogesunds Bil Ulricehamn,Ulricehamn,Västra Götalands län,SE,c2d1288f-1959-4cbe-afd2-9e60608c9a6b,Volvo,15240 kr/mån,Lånebelopp: 775200 kr,Kontantinsats: 193800 kr
cebfe05a-7ef8-4f12-9616-48bdc141a6af,"Citroën C5 Aircross FEEL Pure Tech 130 A 5-d SUV Backamera, navigation, Apple carplay","FEEL Pure Tech 130 A 5-d SUV Backamera, navigation, Apple carplay. Från 3 130 kr/mån. Miltal: 4 827 mil. Årsmodell: 2022. Växellåda: Automat. Bränsle: Bensin. Reg.nr: EET58D. Kontakta oss för mer information.",https://borasbil.se/bilar/citroen-c5-aircross-eet58d,Citroën,C5 Aircross,2022,48270,KM,SUV,Gasoline,Automatic,199000 SEK,199000 SEK,https://cdn.wayke.se/cfit/3fd64f77-2046-4b1a-950b-b403b302123d/f770d7ab-f62e-4f7e-b31b-e8a9c7c353d4?format=jpeg&r=0000000&w=800,"[""Exterior""]",used,USED,in stock,EET58D,Borås Bil,Borås,Västra Götalands län,SE,56b1373f-95bd-4e74-9030-15708ada078d,Citroën,3130 kr/mån,Lånebelopp: 159200 kr,Kontantinsats: 39800 kr
10f67609-7110-4c2c-8884-27dc67a50c32,Volvo V60 T6 Plus Dark Nordic Edition,T6 Plus Dark Nordic Edition. Från 8 949 kr/mån. Årsmodell: 2026. Växellåda: Automat. Bränsle: Laddhybrid. Reg.nr: STU87N. Kontakta oss för mer information.,https://borasbil.se/bilar/volvo-v60-stu87n,Volvo,V60,2026,1,KM,Wagon,Plug-in Hybrid,Automatic,569000 SEK,569000 SEK,https://cdn.wayke.se/cfit/1a85bd04-1d47-4ced-bce8-c768a70ad3d7/7dd7e762-8ced-4660-8249-f36e0596b683?format=jpeg&r=0000000&w=800,"[""Exterior""]",new,NEW,in stock,STU87N,Kinna Bil,Kinna,Västra Götalands län,SE,0acea758-e5c9-412b-933a-8cd3c8e269f3,Volvo,8949 kr/mån,Lånebelopp: 455200 kr,Kontantinsats: 113800 kr
352dc04f-6936-48ec-821d-9b2b939a8421,Volvo V90 T6 Ultra Dark,T6 Ultra Dark. Från 10 837 kr/mån. Årsmodell: 2025. Växellåda: Automat. Bränsle: Laddhybrid. Reg.nr: MHH22G. Kontakta oss för mer information.,https://borasbil.se/bilar/volvo-v90-mhh22g,Volvo,V90,2025,1,KM,Wagon,Plug-in Hybrid,Automatic,689000 SEK,689000 SEK,https://cdn.wayke.se/cfit/6b7e92a9-affc-4e09-befe-5eeba28800bd/b2b42ef5-1d4b-4c5a-a7ad-1a531a3112b6?format=jpeg&r=0000000&w=800,"[""Exterior""]",used,USED,in stock,MHH22G,Borås Bil,Borås,Västra Götalands län,SE,56b1373f-95bd-4e74-9030-15708ada078d,Volvo,10837 kr/mån,Lånebelopp: 551200 kr,Kontantinsats: 137800 kr
47312ef0-130c-41a5-a0a3-d78b7c5131c9,Volvo EX30 Plus,Plus. Från 7 062 kr/mån. Miltal: 544 mil. Årsmodell: 2026. Växellåda: Automat. Bränsle: El. Reg.nr: RCE59M. Kontakta oss för mer information.,https://borasbil.se/bilar/volvo-ex30-single-motor-extended-range-rce59m,Volvo,EX30,2026,5440,KM,SUV,Electric,Automatic,449000 SEK,449000 SEK,https://cdn.wayke.se/cfit/dcf8edf5-80ba-480e-80a8-463afdd7053b/9597171e-dc7e-450c-ab5c-ee6123db9d35?format=jpeg&r=0000000&w=800,"[""Exterior""]",new,NEW,in stock,RCE59M,Bogesunds Bil Ulricehamn,Ulricehamn,Västra Götalands län,SE,c2d1288f-1959-4cbe-afd2-9e60608c9a6b,Volvo,7062 kr/mån,Lånebelopp: 359200 kr,Kontantinsats: 89800 kr
419281bf-fb1e-4da9-be15-e7a04c1361d9,Volvo EX40 Ultra SE,Ultra SE. Från 9 264 kr/mån. Miltal: 89 mil. Årsmodell: 2026. Växellåda: Automat. Bränsle: El. Reg.nr: PPW72C. Kontakta oss för mer information.,https://borasbil.se/bilar/volvo-ex40-twin-motor-performance-ppw72c,Volvo,EX40,2026,890,KM,Sedan,Electric,Automatic,589000 SEK,589000 SEK,https://cdn.wayke.se/cfit/11ddd363-3ba1-4dc8-860b-32e297b81515/2f1d930e-ea9f-4c8c-8419-1b6c61cbdecc?format=jpeg&r=0000000&w=800,"[""Exterior""]",new,NEW,in stock,PPW72C,Borås Bil,Borås,Västra Götalands län,SE,56b1373f-95bd-4e74-9030-15708ada078d,Volvo,9264 kr/mån,Lånebelopp: 471200 kr,Kontantinsats: 117800 kr
1bb38250-95bb-45a0-91a8-29ac473ff145,Volvo EX40 ExtendedRange Ultra SE,ExtendedRange Ultra SE. Från 8 792 kr/mån. Miltal: 1 267 mil. Årsmodell: 2026. Växellåda: Automat. Bränsle: El. Reg.nr: BDR06X. Kontakta oss för mer information.,https://borasbil.se/bilar/volvo-ex40-single-motor-extended-range-bdr06x,Volvo,EX40,2026,12670,KM,Sedan,Electric,Automatic,559000 SEK,559000 SEK,https://cdn.wayke.se/cfit/acdd16f6-5d1f-460c-ab65-9bd609a61ea6/a6f27051-07e0-4d72-b074-8fcce8227185?format=jpeg&r=0000000&w=800,"[""Exterior""]",new,NEW,in stock,BDR06X,Borås Bil,Borås,Västra Götalands län,SE,56b1373f-95bd-4e74-9030-15708ada078d,Volvo,8792 kr/mån,Lånebelopp: 447200 kr,Kontantinsats: 111800 kr
41246d3e-4cec-4822-8aa8-719575ac6c43,Peugeot 3008 GT 145 A 5-d SUV,GT 145 A 5-d SUV. Från 5 646 kr/mån. Miltal: 500 mil. Årsmodell: 2025. Växellåda: Automat. Bränsle: Elhybrid. Reg.nr: SOG04C. Kontakta oss för mer information.,https://borasbil.se/bilar/peugeot-3008-hybrid-136-sog04c,Peugeot,3008,2025,5000,KM,SUV,Hybrid,Automatic,359000 SEK,359000 SEK,https://cdn.wayke.se/cfit/2cbd34de-72f7-4785-97c5-25c901d4a8c6/c54b1793-eab5-48da-b658-926b3ede05cf?format=jpeg&r=0000000&w=800,"[""Exterior""]",used,USED,in stock,SOG04C,Kinna Bil,Kinna,Västra Götalands län,SE,0acea758-e5c9-412b-933a-8cd3c8e269f3,Peugeot,5646 kr/mån,Lånebelopp: 287200 kr,Kontantinsats: 71800 kr
0942e792-165a-461d-bab2-613857b97832,Volvo V60 T6 Plus Dark Nordic Edition,T6 Plus Dark Nordic Edition. Från 9 201 kr/mån. Årsmodell: 2026. Växellåda: Automat. Bränsle: Laddhybrid. Reg.nr: JBP59K. Kontakta oss för mer information.,https://borasbil.se/bilar/volvo-v60-jbp59k,Volvo,V60,2026,1,KM,Wagon,Plug-in Hybrid,Automatic,585000 SEK,585000 SEK,https://cdn.wayke.se/cfit/ba8101cf-9c24-48c6-a6ef-7ee2253d0934/b7a28b44-7d5a-49e7-bbdd-f2b35d6c79a5?format=jpeg&r=0000000&w=800,"[""Exterior""]",new,NEW,in stock,JBP59K,Borås Bil,Borås,Västra Götalands län,SE,56b1373f-95bd-4e74-9030-15708ada078d,Volvo,9201 kr/mån,Lånebelopp: 468000 kr,Kontantinsats: 117000 kr
79b207e2-19a4-4fcb-bbfe-01c9cf143375,Volvo V60 T6 Plus Dark Nordic Edition,T6 Plus Dark Nordic Edition. Från 8 886 kr/mån. Årsmodell: 2026. Växellåda: Automat. Bränsle: Laddhybrid. Reg.nr: AOU65J. Kontakta oss för mer information.,https://borasbil.se/bilar/volvo-v60-aou65j,Volvo,V60,2026,1,KM,Wagon,Plug-in Hybrid,Automatic,565000 SEK,565000 SEK,https://cdn.wayke.se/cfit/2c052579-d0aa-4884-9337-56497bd44500/2cf8ae63-118d-4c03-926d-896caf5df45f?format=jpeg&r=0000000&w=800,"[""Exterior""]",new,NEW,in stock,AOU65J,Kinna Bil,Kinna,Västra Götalands län,SE,0acea758-e5c9-412b-933a-8cd3c8e269f3,Volvo,8886 kr/mån,Lånebelopp: 452000 kr,Kontantinsats: 113000 kr
bdd1fc7b-f6ac-43e5-a727-d60fa64b3f27,Volvo C40 Core,Core. Från 4 860 kr/mån. Miltal: 9 606 mil. Årsmodell: 2023. Växellåda: Automat. Bränsle: El. Reg.nr: JUL695. Kontakta oss för mer information.,https://borasbil.se/bilar/volvo-c40-recharge-twin-motor-jul695,Volvo,C40,2023,96060,KM,Sedan,Electric,Automatic,309000 SEK,309000 SEK,https://cdn.wayke.se/cfit/ceaaaa04-cbf4-4c18-aa6a-5877411ed677/29f54d06-9133-44ef-94d1-8f0073b073f6?format=jpeg&r=0000000&w=800,"[""Exterior""]",used,USED,in stock,JUL695,Kinna Bil,Kinna,Västra Götalands län,SE,0acea758-e5c9-412b-933a-8cd3c8e269f3,Volvo,4860 kr/mån,Lånebelopp: 247200 kr,Kontantinsats: 61800 kr
dcf5bb23-53ea-4353-9c6a-065f7fcb3f25,Maxus T60 Pickup 4x4 215hk,Pickup 4x4 215hk. Från 7 665 kr/mån. Årsmodell: 2025. Växellåda: Automat. Kontakta oss för mer information.,https://borasbil.se/bilar/maxus-t60-max,Maxus,T60,2025,1,KM,Sedan,,Automatic,487375 SEK,487375 SEK,https://cdn.wayke.se/cfit/5675964c-5ce1-4a70-a005-d94d971c0892/c051b5aa-cdd5-46d3-a8c1-89149a823e9a?format=jpeg&r=0000000&w=800,"[""Exterior""]",used,USED,in stock,,Borås Bil,Borås,Västra Götalands län,SE,56b1373f-95bd-4e74-9030-15708ada078d,Maxus,7665 kr/mån,Lånebelopp: 389900 kr,Kontantinsats: 97475 kr
af65a10f-4741-490a-97ad-689a47021f71,Volvo XC90 T8 Ultra Dark,T8 Ultra Dark. Från 14 139 kr/mån. Miltal: 2 595 mil. Årsmodell: 2026. Växellåda: Automat. Bränsle: Laddhybrid. Reg.nr: KBT82X. Kontakta oss för mer information.,https://borasbil.se/bilar/volvo-xc90-kbt82x,Volvo,XC90,2026,25950,KM,SUV,Plug-in Hybrid,Automatic,899000 SEK,899000 SEK,https://cdn.wayke.se/cfit/406a4ed6-80b7-4a1c-a6d4-157b902d647c/99038da4-45fc-489a-970d-58a330247c5e?format=jpeg&r=0000000&w=800,"[""Exterior""]",new,NEW,in stock,KBT82X,Borås Bil,Borås,Västra Götalands län,SE,56b1373f-95bd-4e74-9030-15708ada078d,Volvo,14139 kr/mån,Lånebelopp: 719200 kr,Kontantinsats: 179800 kr
2697fa0c-27c0-4788-ab68-f8d2246c5ca2,Polestar 3 111kW Plus Pilot Perf Nappa,111kW Plus Pilot Perf Nappa. Från 12 409 kr/mån. Miltal: 1 277 mil. Årsmodell: 2025. Växellåda: Automat. Bränsle: El. Reg.nr: RZT40G. Kontakta oss för mer information.,https://borasbil.se/bilar/polestar-3-long-range-dual-motor-rzt40g,Polestar,3,2025,12770,KM,Sedan,Electric,Automatic,789000 SEK,789000 SEK,https://cdn.wayke.se/cfit/46128c57-d7fd-4c8a-96e1-f4134999c4cb/ee5f4fbf-e093-46e6-bddd-46e9df3be00d?format=jpeg&r=0000000&w=800,"[""Exterior""]",used,USED,in stock,RZT40G,Borås Bil,Borås,Västra Götalands län,SE,56b1373f-95bd-4e74-9030-15708ada078d,Polestar,12409 kr/mån,Lånebelopp: 631200 kr,Kontantinsats: 157800 kr
bec3c915-d1c9-43f4-a89f-ca06c3aae51c,Volvo EX90 Ultra 7sätes,Ultra 7sätes. Från 15 240 kr/mån. Miltal: 1 mil. Årsmodell: 2025. Växellåda: Automat. Bränsle: El. Reg.nr: WCF34T. Kontakta oss för mer information.,https://borasbil.se/bilar/volvo-ex90-twin-motor-performance-wcf34t,Volvo,EX90,2025,10,KM,SUV,Electric,Automatic,969000 SEK,969000 SEK,https://cdn.wayke.se/cfit/ae9455f6-ad36-464e-843b-784d3216741a/42381f51-3637-4f0e-a724-56d07b38cf41?format=jpeg&r=0000000&w=800,"[""Exterior""]",used,USED,in stock,WCF34T,Kinna Bil,Kinna,Västra Götalands län,SE,0acea758-e5c9-412b-933a-8cd3c8e269f3,Volvo,15240 kr/mån,Lånebelopp: 775200 kr,Kontantinsats: 193800 kr
bdd9bd11-25a2-459a-bd33-e3539ea0480e,Volvo EX90 Ultra 7sätes,Ultra 7sätes. Från 15 555 kr/mån. Miltal: 1 mil. Årsmodell: 2025. Växellåda: Automat. Bränsle: El. Reg.nr: JBF94E. Kontakta oss för mer information.,https://borasbil.se/bilar/volvo-ex90-twin-motor-performance-jbf94e,Volvo,EX90,2025,10,KM,SUV,Electric,Automatic,989000 SEK,989000 SEK,https://cdn.wayke.se/cfit/7770c330-7329-4f92-a29d-08fb6e8b3874/57a79cf9-b5bc-4b37-b159-b4fcf5541355?format=jpeg&r=0000000&w=800,"[""Exterior""]",used,USED,in stock,JBF94E,Borås Bil,Borås,Västra Götalands län,SE,56b1373f-95bd-4e74-9030-15708ada078d,Volvo,15555 kr/mån,Lånebelopp: 791200 kr,Kontantinsats: 197800 kr
b0c3db9e-4459-48b4-bafc-cc7472a109f6,Maxus e-Deliver 5 L1H1 TECH PLUS 64 kWh 335km,L1H1 TECH PLUS 64 kWh 335km. Från 6 275 kr/mån. Årsmodell: 2025. Växellåda: Automat. Bränsle: El. Reg.nr: TBR07S. Kontakta oss för mer information.,https://borasbil.se/bilar/maxus-e-deliver-5-tbr07s,Maxus,e-Deliver 5,2025,1,KM,Sedan,Electric,Automatic,399000 SEK,399000 SEK,https://cdn.wayke.se/cfit/37327ec1-f0e9-48de-abad-b9cafc1a1bb0/73bab4bc-c6d7-4e63-99ba-c8db0a54a832?format=jpeg&r=0000000&w=800,"[""Exterior""]",used,USED,in stock,TBR07S,Borås Bil,Borås,Västra Götalands län,SE,56b1373f-95bd-4e74-9030-15708ada078d,Maxus,6275 kr/mån,Lånebelopp: 319200 kr,Kontantinsats: 79800 kr
65fa1520-3825-4cbe-ae02-4742df1b3c0b,Peugeot 3008 GT 145 A 5-d SUV,GT 145 A 5-d SUV. Från 5 409 kr/mån. Miltal: 952 mil. Årsmodell: 2025. Växellåda: Automat. Bränsle: Elhybrid. Reg.nr: JZC99P. Kontakta oss för mer information.,https://borasbil.se/bilar/peugeot-3008-hybrid-136-jzc99p,Peugeot,3008,2025,9520,KM,SUV,Hybrid,Automatic,343900 SEK,343900 SEK,https://cdn.wayke.se/cfit/776905ea-328e-4d0c-963e-b3218af3e40d/04dfc003-af29-44df-9854-103ad13ee40a?format=jpeg&r=0000000&w=800,"[""Exterior""]",used,USED,in stock,JZC99P,Borås Bil,Borås,Västra Götalands län,SE,56b1373f-95bd-4e74-9030-15708ada078d,Peugeot,5409 kr/mån,Lånebelopp: 275120 kr,Kontantinsats: 68780 kr
e9f847cc-6312-4cc5-a030-3d0f3c6bc3d2,Volvo EX90 Ultra 7sätes,Ultra 7sätes. Från 13 510 kr/mån. Miltal: 920 mil. Årsmodell: 2025. Växellåda: Automat. Bränsle: El. Reg.nr: ROF47C. Kontakta oss för mer information.,https://borasbil.se/bilar/volvo-ex90-twin-motor-performance-rof47c,Volvo,EX90,2025,9200,KM,SUV,Electric,Automatic,859000 SEK,859000 SEK,https://cdn.wayke.se/cfit/da9d8c4e-7b87-4367-b537-105c6abf9817/8a7bd940-89c3-4b85-8c27-3b7ceacce179?format=jpeg&r=0000000&w=800,"[""Exterior""]",used,USED,in stock,ROF47C,Bogesunds Bil Ulricehamn,Ulricehamn,Västra Götalands län,SE,c2d1288f-1959-4cbe-afd2-9e60608c9a6b,Volvo,13510 kr/mån,Lånebelopp: 687200 kr,Kontantinsats: 171800 kr
30d340fb-e592-4d66-b6ad-02795dc7045a,Peugeot 5008 GT 73kWh 7 Sits Ink vinterdäck,GT 73kWh 7 Sits Ink vinterdäck. Från 7 848 kr/mån. Miltal: 1 161 mil. Årsmodell: 2025. Växellåda: Automat. Bränsle: El. Reg.nr: XPC96K. Kontakta oss för mer information.,https://borasbil.se/bilar/peugeot-e-5008-xpc96k,Peugeot,5008,2025,11610,KM,SUV,Electric,Automatic,499000 SEK,499000 SEK,https://cdn.wayke.se/cfit/e0d25b68-f6a8-4474-a2dc-a393d8a3e29f/c863a36d-e1ea-44ea-834f-cc38e670eb03?format=jpeg&r=0000000&w=800,"[""Exterior""]",used,USED,in stock,XPC96K,Borås Bil,Borås,Västra Götalands län,SE,56b1373f-95bd-4e74-9030-15708ada078d,Peugeot,7848 kr/mån,Lånebelopp: 399200 kr,Kontantinsats: 99800 kr
d262d657-50cb-463a-a887-993ec1ae61ab,Volvo EX90 Ultra 7sätes,Ultra 7sätes. Från 14 926 kr/mån. Miltal: 2 418 mil. Årsmodell: 2025. Växellåda: Automat. Bränsle: El. Reg.nr: ZYW161. Kontakta oss för mer information.,https://borasbil.se/bilar/volvo-ex90-twin-motor-performance-zyw161,Volvo,EX90,2025,24180,KM,SUV,Electric,Automatic,949000 SEK,949000 SEK,https://cdn.wayke.se/cfit/bec617bb-dc4f-409b-8aa7-8d6d1d559f91/fa8384c8-799e-40df-a27f-40ebaaebeedd?format=jpeg&r=0000000&w=800,"[""Exterior""]",used,USED,in stock,ZYW161,Borås Bil,Borås,Västra Götalands län,SE,56b1373f-95bd-4e74-9030-15708ada078d,Volvo,14926 kr/mån,Lånebelopp: 759200 kr,Kontantinsats: 189800 kr
b7b92171-9b2f-4947-b1a7-3d006696b12e,Citroën C4 FL MAX 130hk AUT,FL MAX 130hk AUT. Från 4 074 kr/mån. Miltal: 690 mil. Årsmodell: 2025. Växellåda: Automat. Bränsle: Bensin. Reg.nr: MJD22K. Kontakta oss för mer information.,https://borasbil.se/bilar/citroen-c4-mjd22k,Citroën,C4,2025,6900,KM,Sedan,Gasoline,Automatic,259000 SEK,259000 SEK,https://cdn.wayke.se/cfit/a6906055-5837-4359-9b3e-b176c6dde547/1254e0fb-57cf-4536-ab16-009d4dc79d32?format=jpeg&r=0000000&w=800,"[""Exterior""]",used,USED,in stock,MJD22K,Borås Bil,Borås,Västra Götalands län,SE,56b1373f-95bd-4e74-9030-15708ada078d,Citroën,4074 kr/mån,Lånebelopp: 207200 kr,Kontantinsats: 51800 kr
8a6dfbd8-6fb6-434b-b04f-75277f56f6ae,Volvo XC90 T8 Ultra Dark,T8 Ultra Dark. Från 15 083 kr/mån. Årsmodell: 2026. Växellåda: Automat. Bränsle: Laddhybrid. Reg.nr: KJP04A. Kontakta oss för mer information.,https://borasbil.se/bilar/volvo-xc90-kjp04a,Volvo,XC90,2026,1,KM,SUV,Plug-in Hybrid,Automatic,959000 SEK,959000 SEK,https://cdn.wayke.se/cfit/f399c5ea-0c21-4b04-b192-85bbbf448a41/29110af9-5ee0-4629-a30c-cd1e5b44af83?format=jpeg&r=0000000&w=800,"[""Exterior""]",new,NEW,in stock,KJP04A,Kinna Bil,Kinna,Västra Götalands län,SE,0acea758-e5c9-412b-933a-8cd3c8e269f3,Volvo,15083 kr/mån,Lånebelopp: 767200 kr,Kontantinsats: 191800 kr
4c04f424-97dc-46fa-8746-fd1b2ab3db87,Volvo XC90 T8 Ultra Dark,T8 Ultra Dark. Från 15 240 kr/mån. Årsmodell: 2026. Växellåda: Automat. Bränsle: Laddhybrid. Reg.nr: XLP06T. Kontakta oss för mer information.,https://borasbil.se/bilar/volvo-xc90-xlp06t,Volvo,XC90,2026,1,KM,SUV,Plug-in Hybrid,Automatic,969000 SEK,969000 SEK,https://cdn.wayke.se/cfit/192c33db-6c95-428c-9444-e6724d8bbd6e/2ca8567b-0778-4323-9da8-45ec97e4a8be?format=jpeg&r=0000000&w=800,"[""Exterior""]",new,NEW,in stock,XLP06T,Borås Bil,Borås,Västra Götalands län,SE,56b1373f-95bd-4e74-9030-15708ada078d,Volvo,15240 kr/mån,Lånebelopp: 775200 kr,Kontantinsats: 193800 kr
d043a3da-fff0-4384-848b-9583dbe8307d,Polestar 2 Plus - Pilot pack,Plus - Pilot pack. Från 7 219 kr/mån. Miltal: 2 196 mil. Årsmodell: 2025. Växellåda: Automat. Bränsle: El. Reg.nr: MRA70C. Kontakta oss för mer information.,https://borasbil.se/bilar/polestar-2-long-range-single-motor-mra70c,Polestar,2,2025,21960,KM,Sedan,Electric,Automatic,459000 SEK,459000 SEK,https://cdn.wayke.se/cfit/d961fbc4-e00e-492f-aec0-1f70c2eb4395/0b593cb1-1c42-41f1-b9db-f56d93bd2959?format=jpeg&r=0000000&w=800,"[""Exterior""]",used,USED,in stock,MRA70C,Borås Bil,Borås,Västra Götalands län,SE,56b1373f-95bd-4e74-9030-15708ada078d,Polestar,7219 kr/mån,Lånebelopp: 367200 kr,Kontantinsats: 91800 kr
cb3d2e02-8060-44a5-a801-0ae450e102a9,Polestar 2 Plus Pilot Pixel,Plus Pilot Pixel. Från 7 219 kr/mån. Miltal: 1 834 mil. Årsmodell: 2025. Växellåda: Automat. Bränsle: El. Reg.nr: MET09H. Kontakta oss för mer information.,https://borasbil.se/bilar/polestar-2-long-range-single-motor-met09h,Polestar,2,2025,18340,KM,Sedan,Electric,Automatic,459000 SEK,459000 SEK,https://cdn.wayke.se/cfit/3a14251e-49ce-4e2f-8ffa-0f72f71549c0/427a7e01-2a28-47dd-9d62-2972a01aa357?format=jpeg&r=0000000&w=800,"[""Exterior""]",used,USED,in stock,MET09H,Borås Bil,Borås,Västra Götalands län,SE,56b1373f-95bd-4e74-9030-15708ada078d,Polestar,7219 kr/mån,Lånebelopp: 367200 kr,Kontantinsats: 91800 kr
540c934f-9faa-4017-a268-c9eba674a736,Polestar 2 Plus Pilot/HarmanKardon,Plus Pilot/HarmanKardon. Från 7 219 kr/mån. Miltal: 2 065 mil. Årsmodell: 2025. Växellåda: Automat. Bränsle: El. Reg.nr: JBB37Z. Kontakta oss för mer information.,https://borasbil.se/bilar/polestar-2-long-range-single-motor-jbb37z,Polestar,2,2025,20650,KM,Sedan,Electric,Automatic,459000 SEK,459000 SEK,https://cdn.wayke.se/cfit/dca458af-5560-4020-8606-feea1e77d33d/45bea96a-8437-4fa5-b055-b5893c4256ea?format=jpeg&r=0000000&w=800,"[""Exterior""]",used,USED,in stock,JBB37Z,Borås Bil,Borås,Västra Götalands län,SE,56b1373f-95bd-4e74-9030-15708ada078d,Polestar,7219 kr/mån,Lånebelopp: 367200 kr,Kontantinsats: 91800 kr
3bd29c3b-8a05-4a67-b3fc-8a91d975197d,Polestar 2 Plus - Harman Kardon!,Plus - Harman Kardon!. Från 7 219 kr/mån. Miltal: 1 654 mil. Årsmodell: 2025. Växellåda: Automat. Bränsle: El. Reg.nr: HWA71U. Kontakta oss för mer information.,https://borasbil.se/bilar/polestar-2-long-range-single-motor-hwa71u,Polestar,2,2025,16540,KM,Sedan,Electric,Automatic,459000 SEK,459000 SEK,https://cdn.wayke.se/cfit/8521f456-ba5b-427e-b8d5-cc10692b6cca/247cd1a8-0b9d-4700-8683-806a8c2cbf87?format=jpeg&r=0000000&w=800,"[""Exterior""]",used,USED,in stock,HWA71U,Borås Bil,Borås,Västra Götalands län,SE,56b1373f-95bd-4e74-9030-15708ada078d,Polestar,7219 kr/mån,Lånebelopp: 367200 kr,Kontantinsats: 91800 kr
6d4e59f7-3950-447f-8256-30b7caf20a55,Peugeot L3 Traveller Active BHDi FL 8sits,Traveller Active BHDi FL 8sits. Från 7 219 kr/mån. Årsmodell: 2025. Växellåda: Automat. Kontakta oss för mer information.,https://borasbil.se/bilar/peugeot-expert,Peugeot,L3,2025,1,KM,Sedan,,Automatic,459000 SEK,459000 SEK,https://cdn.wayke.se/cfit/1345ed31-bdb2-4716-a75a-05503ee163f2/9db95b01-47ed-427e-96e4-f31695b80ce7?format=jpeg&r=0000000&w=800,"[""Exterior""]",used,USED,in stock,,Borås Bil,Borås,Västra Götalands län,SE,56b1373f-95bd-4e74-9030-15708ada078d,Peugeot,7219 kr/mån,Lånebelopp: 367200 kr,Kontantinsats: 91800 kr
2792452b-ad6d-4368-a4e3-c472a45ecc25,Citroën C4 FL MAX PureTech 130 A,FL MAX PureTech 130 A. Från 4 074 kr/mån. Miltal: 1 300 mil. Årsmodell: 2025. Växellåda: Automat. Bränsle: Bensin. Reg.nr: LKE37U. Kontakta oss för mer information.,https://borasbil.se/bilar/citroen-c4-lke37u,Citroën,C4,2025,13000,KM,Sedan,Gasoline,Automatic,259000 SEK,259000 SEK,https://cdn.wayke.se/cfit/7ee460db-47cd-473c-8970-b84bacdc8c35/0f89a8b7-e4dd-4fa8-af00-074cf381680a?format=jpeg&r=0000000&w=800,"[""Exterior""]",used,USED,in stock,LKE37U,Kinna Bil,Kinna,Västra Götalands län,SE,0acea758-e5c9-412b-933a-8cd3c8e269f3,Citroën,4074 kr/mån,Lånebelopp: 207200 kr,Kontantinsats: 51800 kr
38953e99-9f3e-4b78-b387-3fcab6d5dff6,Maxus V90,Från 4 089 kr/mån. Miltal: 6 500 mil. Årsmodell: 2022. Växellåda: Automat. Bränsle: El. Reg.nr: SAJ97U. Kontakta oss för mer information.,https://borasbil.se/bilar/maxus-e-deliver-9-n1-saj97u,Maxus,V90,2022,65000,KM,Wagon,Electric,Automatic,260000 SEK,260000 SEK,https://cdn.wayke.se/cfit/8691adfa-5ae3-4ea6-9a2d-1eb1489ac761/fa7cccbe-79d2-4329-a609-6f37f90126e8?format=jpeg&r=0000000&w=800,"[""Exterior""]",used,USED,in stock,SAJ97U,Borås Bil,Borås,Västra Götalands län,SE,56b1373f-95bd-4e74-9030-15708ada078d,Maxus,4089 kr/mån,Lånebelopp: 208000 kr,Kontantinsats: 52000 kr
e140d0f0-2872-41a8-8393-87cc0b6410f3,Maxus V70 L2H1 200hk 88 kWh TECH+ 362km,L2H1 200hk 88 kWh TECH+ 362km. Från 6 905 kr/mån. Miltal: 216 mil. Årsmodell: 2025. Växellåda: Automat. Bränsle: El. Reg.nr: EFF45N. Kontakta oss för mer information.,https://borasbil.se/bilar/maxus-e-deliver-7-eff45n,Maxus,V70,2025,2160,KM,Sedan,Electric,Automatic,439000 SEK,439000 SEK,https://cdn.wayke.se/cfit/b76295d9-3665-4469-8dba-e3e8ceb48307/f44ca991-e959-4052-8d75-db514fe281c4?format=jpeg&r=0000000&w=800,"[""Exterior""]",used,USED,in stock,EFF45N,Borås Bil,Borås,Västra Götalands län,SE,56b1373f-95bd-4e74-9030-15708ada078d,Maxus,6905 kr/mån,Lånebelopp: 351200 kr,Kontantinsats: 87800 kr
66e970e3-ee7b-425c-a1b0-e0f7d261210f,Volvo EX90 Performance Ultra 7sätes,Performance Ultra 7sätes. Från 15 398 kr/mån. Miltal: 6 mil. Årsmodell: 2025. Växellåda: Automat. Bränsle: El. Reg.nr: HKA47D. Kontakta oss för mer information.,https://borasbil.se/bilar/volvo-ex90-twin-motor-hka47d,Volvo,EX90,2025,60,KM,SUV,Electric,Automatic,979000 SEK,979000 SEK,https://cdn.wayke.se/cfit/1c1d6446-1dce-4a98-94f2-520b8c7e3ab1/183c648a-b9db-4b48-aa41-1b16f5577087?format=jpeg&r=0000000&w=800,"[""Exterior""]",used,USED,in stock,HKA47D,Bogesunds Bil Ulricehamn,Ulricehamn,Västra Götalands län,SE,c2d1288f-1959-4cbe-afd2-9e60608c9a6b,Volvo,15398 kr/mån,Lånebelopp: 783200 kr,Kontantinsats: 195800 kr
5b917ee9-171c-4d1a-ad59-c0f1926e0076,Volvo XC90 B5 AWD Diesel Plus Dark,B5 AWD Diesel Plus Dark. Från 9 106 kr/mån. Miltal: 8 681 mil. Årsmodell: 2023. Växellåda: Automat. Bränsle: Diesel. Reg.nr: BEM74D. Kontakta oss för mer information.,https://borasbil.se/bilar/volvo-xc90-7-saten-bem74d,Volvo,XC90,2023,86810,KM,SUV,Diesel,Automatic,579000 SEK,579000 SEK,https://cdn.wayke.se/cfit/a5a2a0b4-cadf-44cc-ac34-84b7fccb83f8/392c0b4e-c824-4897-966a-de5fbe1ea5b0?format=jpeg&r=0000000&w=800,"[""Exterior""]",used,USED,in stock,BEM74D,Borås Bil,Borås,Västra Götalands län,SE,56b1373f-95bd-4e74-9030-15708ada078d,Volvo,9106 kr/mån,Lånebelopp: 463200 kr,Kontantinsats: 115800 kr
5d6c6a34-5429-4992-a0ae-68f0fd78dd9a,Peugeot 408 GT PureTech 130 AUT DRAGKROK,GT PureTech 130 AUT DRAGKROK. Från 4 325 kr/mån. Miltal: 2 475 mil. Årsmodell: 2024. Växellåda: Automat. Bränsle: Bensin. Reg.nr: UCH92A. Kontakta oss för mer information.,https://borasbil.se/bilar/peugeot-408-uch92a,Peugeot,408,2024,24750,KM,Sedan,Gasoline,Automatic,275000 SEK,275000 SEK,https://cdn.wayke.se/cfit/cb5c01a7-0c4c-4b6b-91d3-d4900226b119/619ecff2-9fd0-4722-ad39-ff007431181c?format=jpeg&r=0000000&w=800,"[""Exterior""]",used,USED,in stock,UCH92A,Borås Bil,Borås,Västra Götalands län,SE,56b1373f-95bd-4e74-9030-15708ada078d,Peugeot,4325 kr/mån,Lånebelopp: 220000 kr,Kontantinsats: 55000 kr
ac5e2872-92df-4100-8f51-b7e24aa0b028,Peugeot L3 Plus 145HK Automat med Dubbla-skjutdörrar,Plus 145HK Automat med Dubbla-skjutdörrar. Från 7 376 kr/mån. Årsmodell: 2025. Växellåda: Automat. Kontakta oss för mer information.,https://borasbil.se/bilar/peugeot-expert,Peugeot,L3,2025,1,KM,Sedan,,Automatic,469000 SEK,469000 SEK,https://cdn.wayke.se/cfit/51b9d467-5849-4745-bb58-4d1ccc9c73ce/6d631ec1-122d-4bec-89f7-24e610c8b9bd?format=jpeg&r=0000000&w=800,"[""Exterior""]",used,USED,in stock,,Borås Bil,Borås,Västra Götalands län,SE,56b1373f-95bd-4e74-9030-15708ada078d,Peugeot,7376 kr/mån,Lånebelopp: 375200 kr,Kontantinsats: 93800 kr
69709a09-0242-40e2-b249-12b677c8c539,Peugeot L1 130Hk Automat Plus,130Hk Automat Plus. Från 5 660 kr/mån. Miltal: 10 mil. Årsmodell: 2025. Växellåda: Automat. Kontakta oss för mer information.,https://borasbil.se/bilar/peugeot-partner,Peugeot,L1,2025,100,KM,Sedan,,Automatic,359900 SEK,359900 SEK,https://cdn.wayke.se/cfit/9b2bb1ae-6c53-4344-8ac2-9d9c11bddc46/407c2a0b-b370-4447-b32e-15e8562d64c4?format=jpeg&r=0000000&w=800,"[""Exterior""]",used,USED,in stock,,Borås Bil,Borås,Västra Götalands län,SE,56b1373f-95bd-4e74-9030-15708ada078d,Peugeot,5660 kr/mån,Lånebelopp: 287920 kr,Kontantinsats: 71980 kr
3b456b49-fd0a-441c-b8d2-0b1a74af59fa,Volvo XC90 II T8 Ultra Dark,II T8 Ultra Dark. Från 15 083 kr/mån. Årsmodell: 2025. Växellåda: Automat. Bränsle: Laddhybrid. Reg.nr: FPY18R. Kontakta oss för mer information.,https://borasbil.se/bilar/volvo-xc90-7-saten-fpy18r,Volvo,XC90,2025,1,KM,SUV,Plug-in Hybrid,Automatic,959000 SEK,959000 SEK,https://cdn.wayke.se/cfit/a9aea61c-4737-4aed-a1f1-49d8211e9951/9f8a0e6b-f51b-4a00-9d48-3417e247ce14?format=jpeg&r=0000000&w=800,"[""Exterior""]",used,USED,in stock,FPY18R,Bogesunds Bil Ulricehamn,Ulricehamn,Västra Götalands län,SE,c2d1288f-1959-4cbe-afd2-9e60608c9a6b,Volvo,15083 kr/mån,Lånebelopp: 767200 kr,Kontantinsats: 191800 kr
9051c46c-2589-4dde-ad0a-056fa33dd4cd,"Peugeot 3008 GT Ultimate Electric 73kWh 525km WLTP Nappaläder, avtagbar dragkrok","GT Ultimate Electric 73kWh 525km WLTP Nappaläder, avtagbar dragkrok. Från 6 118 kr/mån. Miltal: 3 086 mil. Årsmodell: 2024. Växellåda: Automat. Bränsle: El. Reg.nr: GNE29P. Kontakta oss för mer information.",https://borasbil.se/bilar/peugeot-e-3008-gne29p,Peugeot,3008,2024,30860,KM,SUV,Electric,Automatic,389000 SEK,389000 SEK,https://cdn.wayke.se/cfit/272a3530-9f26-4c2e-9f99-9b2c559a074e/1c278fda-dff1-44b6-948d-f7227e2dd557?format=jpeg&r=0000000&w=800,"[""Exterior""]",used,USED,in stock,GNE29P,Borås Bil,Borås,Västra Götalands län,SE,56b1373f-95bd-4e74-9030-15708ada078d,Peugeot,6118 kr/mån,Lånebelopp: 311200 kr,Kontantinsats: 77800 kr
1e232160-b854-4f7f-a640-dcaec56b2e30,Volvo EC40 Core SE,Core SE. Från 8 163 kr/mån. Årsmodell: 2025. Växellåda: Automat. Bränsle: El. Reg.nr: XYR31X. Kontakta oss för mer information.,https://borasbil.se/bilar/volvo-ec40-single-motor-extended-range-xyr31x,Volvo,EC40,2025,1,KM,Sedan,Electric,Automatic,519000 SEK,519000 SEK,https://cdn.wayke.se/cfit/18e87145-a6e6-413e-acdf-ed025aaf7a38/569df1ee-4ac4-42ce-9bab-40d517752d95?format=jpeg&r=0000000&w=800,"[""Exterior""]",used,USED,in stock,XYR31X,Borås Bil,Borås,Västra Götalands län,SE,56b1373f-95bd-4e74-9030-15708ada078d,Volvo,8163 kr/mån,Lånebelopp: 415200 kr,Kontantinsats: 103800 kr
da484e41-63b6-44ad-a0fa-f46250efe865,Peugeot 3008 GT Ultimate Electric 5-d SUV - Drag,GT Ultimate Electric 5-d SUV - Drag. Från 6 747 kr/mån. Miltal: 1 685 mil. Årsmodell: 2024. Växellåda: Automat. Bränsle: El. Reg.nr: DWA53R. Kontakta oss för mer information.,https://borasbil.se/bilar/peugeot-e-3008-dwa53r,Peugeot,3008,2024,16850,KM,SUV,Electric,Automatic,429000 SEK,429000 SEK,https://cdn.wayke.se/cfit/7f6bbf32-ad51-464a-a885-c13fcfe8436d/37ebb1a1-35dc-4bcd-9f7c-a9c5fa398c4e?format=jpeg&r=0000000&w=800,"[""Exterior""]",used,USED,in stock,DWA53R,Borås Bil,Borås,Västra Götalands län,SE,56b1373f-95bd-4e74-9030-15708ada078d,Peugeot,6747 kr/mån,Lånebelopp: 343200 kr,Kontantinsats: 85800 kr
4d5a8c3d-ce86-4ca8-a9bc-d9ec386f643e,Citroën Jumpy Skåp Business L3 75kWh FL,Skåp Business L3 75kWh FL. Från 7 534 kr/mån. Miltal: 576 mil. Årsmodell: 2024. Växellåda: Automat. Bränsle: El. Reg.nr: MDD22U. Kontakta oss för mer information.,https://borasbil.se/bilar/citroen-e-jumpy-75-mdd22u,Citroën,Jumpy,2024,5760,KM,Sedan,Electric,Automatic,479000 SEK,479000 SEK,https://cdn.wayke.se/cfit/b7322953-2357-408b-b6c0-b30cc309d4e4/db233fde-2f8b-497d-93a8-6da6e3ca45cf?format=jpeg&r=0000000&w=800,"[""Exterior""]",used,USED,in stock,MDD22U,Borås Bil,Borås,Västra Götalands län,SE,56b1373f-95bd-4e74-9030-15708ada078d,Citroën,7534 kr/mån,Lånebelopp: 383200 kr,Kontantinsats: 95800 kr
680ba6ff-64ee-4cb3-8d95-7d80af0e068d,Peugeot Expert L3 75kWh 350km,L3 75kWh 350km. Från 6 747 kr/mån. Miltal: 380 mil. Årsmodell: 2024. Växellåda: Automat. Bränsle: El. Reg.nr: NWA56Y. Kontakta oss för mer information.,https://borasbil.se/bilar/peugeot-e-expert-nwa56y,Peugeot,Expert,2024,3800,KM,Sedan,Electric,Automatic,429000 SEK,429000 SEK,https://cdn.wayke.se/cfit/b14ddd05-1111-4342-bf05-4a4048e3f53e/08b02bad-8de7-4342-9c13-8c9cd43f5e5f?format=jpeg&r=0000000&w=800,"[""Exterior""]",used,USED,in stock,NWA56Y,Borås Bil,Borås,Västra Götalands län,SE,56b1373f-95bd-4e74-9030-15708ada078d,Peugeot,6747 kr/mån,Lånebelopp: 343200 kr,Kontantinsats: 85800 kr
